{"type": "FeatureCollection", "features": [{"type": "Feature", "properties": {"lineId": "M", "color": "#D42E12", "mode": "metro"}, "geometry": {"type": "LineString", "coordinates": [[106.774932, -6.289296], [106.775838, -6.289312], [106.776065, -6.289311], [106.776322, -6.289281], [106.776933, -6.289185], [106.777227, -6.289166], [106.777463, -6.289166], [106.777717, -6.289188], [106.777941, -6.289232], [106.778245, -6.28932], [106.778571, -6.289466], [106.778852, -6.289659], [106.779249, -6.289904], [106.779595, -6.290126], [106.780093, -6.290436], [106.780628, -6.290708], [106.781101, -6.290882], [106.781668, -6.291072], [106.782436, -6.29131], [106.78323, -6.291538], [106.784058, -6.291781], [106.78492, -6.292061], [106.78557, -6.292252], [106.786085, -6.292363], [106.786515, -6.292416], [106.787418, -6.292434], [106.790543, -6.292463], [106.792463, -6.292471], [106.793627, -6.292485], [106.793905, -6.292451], [106.794125, -6.292386], [106.79433, -6.292299], [106.794515, -6.292182], [106.794685, -6.292055], [106.794836, -6.291894], [106.794972, -6.291716], [106.795082, -6.291512], [106.795165, -6.291295], [106.795216, -6.291091], [106.795244, -6.290866], [106.795359, -6.289757], [106.795388, -6.289325], [106.795392, -6.288873], [106.795371, -6.288367], [106.795404, -6.288028], [106.795417, -6.287877], [106.795436, -6.287728], [106.795464, -6.287582], [106.7955, -6.287405], [106.79567, -6.286618], [106.795775, -6.286012], [106.795848, -6.28546], [106.795931, -6.284771], [106.79598, -6.284135], [106.796084, -6.282379], [106.796109, -6.282101], [106.796169, -6.281821], [106.796382, -6.281062], [106.796468, -6.280777], [106.796564, -6.280497], [106.796628, -6.280354], [106.796965, -6.279615], [106.797038, -6.279427], [106.797113, -6.279193], [106.797208, -6.278848], [106.797342, -6.278372], [106.797555, -6.277632], [106.79765, -6.277274], [106.797704, -6.277008], [106.797742, -6.276738], [106.797756, -6.27657], [106.797759, -6.276366], [106.797734, -6.274887], [106.797703, -6.274012], [106.797671, -6.273201], [106.797655, -6.272846], [106.797593, -6.271819], [106.797482, -6.270185], [106.797468, -6.27001], [106.797441, -6.269684], [106.797332, -6.268251], [106.797309, -6.267642], [106.797311, -6.267423], [106.797344, -6.266696], [106.79739, -6.265874], [106.7974, -6.265499], [106.797395, -6.265162], [106.797384, -6.264705], [106.797368, -6.2645], [106.797334, -6.264302], [106.797242, -6.263938], [106.797005, -6.263178], [106.796741, -6.262313], [106.796672, -6.262043], [106.796636, -6.26175], [106.796633, -6.261539], [106.796642, -6.261226], [106.796745, -6.260174], [106.796958, -6.257812], [106.797002, -6.257359], [106.797061, -6.256782], [106.797172, -6.255787], [106.797295, -6.25448], [106.797368, -6.253421], [106.797495, -6.251103], [106.797556, -6.249774], [106.79758, -6.249501], [106.797628, -6.249111], [106.797804, -6.247781], [106.797933, -6.246874], [106.797975, -6.246587], [106.798145, -6.245732], [106.798203, -6.245424], [106.798238, -6.244917], [106.798239, -6.244423], [106.79824, -6.24382], [106.798238, -6.243528], [106.798238, -6.243223], [106.798258, -6.24304], [106.798315, -6.242664], [106.79835, -6.242515], [106.798447, -6.242046], [106.798474, -6.241724], [106.798472, -6.239907], [106.79847, -6.238771], [106.798472, -6.237922], [106.798473, -6.236618], [106.798481, -6.235263], [106.798484, -6.233667], [106.798484, -6.233024], [106.798489, -6.232204], [106.798518, -6.231761], [106.798594, -6.231303], [106.798704, -6.230863], [106.798851, -6.230428], [106.799015, -6.23004], [106.799172, -6.229753], [106.799413, -6.229387], [106.799586, -6.229141], [106.799745, -6.228952], [106.799963, -6.228747], [106.800699, -6.228125], [106.802524, -6.226784], [106.802998, -6.226379], [106.804648, -6.225192], [106.806058, -6.224121], [106.808665, -6.222442], [106.809718, -6.221629], [106.810461, -6.221034], [106.811756, -6.22002], [106.813519, -6.218619], [106.814563, -6.217795], [106.815285, -6.217244], [106.816058, -6.216628], [106.817037, -6.215857], [106.817995, -6.215063], [106.818507, -6.214601], [106.818847, -6.214244], [106.819213, -6.21382], [106.819643, -6.213245], [106.820022, -6.21264], [106.820552, -6.211617], [106.821247, -6.210248], [106.821557, -6.209586], [106.821762, -6.209095], [106.821848, -6.208857], [106.821959, -6.208416], [106.822092, -6.20773], [106.82215, -6.207264], [106.822298, -6.205852], [106.822381, -6.204657], [106.822417, -6.203603], [106.822483, -6.202938], [106.822597, -6.202106], [106.822828, -6.200802], [106.82294, -6.200207], [106.823146, -6.19895], [106.823188, -6.198464], [106.82319, -6.198017], [106.823177, -6.19724], [106.823155, -6.195995], [106.823149, -6.195629], [106.82314, -6.195421], [106.823119, -6.19409], [106.823111, -6.193364], [106.823078, -6.192406], [106.823062, -6.191849]]}}, {"type": "Feature", "properties": {"lineId": "S", "color": "#F47B20", "mode": "lrt"}, "geometry": {"type": "LineString", "coordinates": [[106.914138, -6.157205], [106.91415, -6.155911], [106.914152, -6.155495], [106.91415, -6.155423], [106.914128, -6.155293], [106.914045, -6.155136], [106.91394, -6.155034], [106.913895, -6.155002], [106.91376, -6.15494], [106.913694, -6.154922], [106.913553, -6.154904], [106.912183, -6.154841], [106.91085, -6.154754], [106.910352, -6.154706], [106.909657, -6.154611], [106.909395, -6.154583], [106.909307, -6.154595], [106.9092, -6.154627], [106.909048, -6.154725], [106.908979, -6.154803], [106.908913, -6.154897], [106.908664, -6.155286], [106.907843, -6.156531], [106.907838, -6.15654], [106.905876, -6.159661], [106.905665, -6.159997], [106.905135, -6.160882], [106.901134, -6.167313], [106.900039, -6.169008], [106.899511, -6.16978], [106.899173, -6.170312], [106.897573, -6.172878], [106.897252, -6.173408], [106.896253, -6.174856], [106.8961, -6.175048], [106.895957, -6.175201], [106.89585, -6.175306], [106.895728, -6.175414], [106.895618, -6.175498], [106.895495, -6.175578], [106.8953, -6.175693], [106.894724, -6.175996], [106.894556, -6.17608], [106.894413, -6.176157], [106.894299, -6.176226], [106.894203, -6.176298], [106.894113, -6.176374], [106.89402, -6.176468], [106.893893, -6.176628], [106.893416, -6.177319], [106.892728, -6.178364], [106.892658, -6.178489], [106.891918, -6.18062], [106.891869, -6.180798], [106.891434, -6.183194], [106.891359, -6.183606], [106.891336, -6.183826], [106.891312, -6.184061], [106.891213, -6.184994], [106.891142, -6.187706], [106.891165, -6.188946], [106.891216, -6.191009], [106.891204, -6.192131]]}}, {"type": "Feature", "properties": {"lineId": "CB", "color": "#6CBE45", "mode": "lrt"}, "geometry": {"type": "LineString", "coordinates": [[106.825525, -6.204851], [106.826366, -6.205027], [106.82684, -6.205126], [106.827174, -6.205191], [106.827389, -6.205226], [106.827794, -6.205282], [106.827923, -6.205306], [106.828045, -6.205341], [106.82816, -6.205387], [106.828273, -6.205452], [106.828367, -6.205528], [106.828446, -6.205614], [106.828534, -6.20575], [106.828604, -6.205889], [106.828665, -6.206023], [106.82873, -6.20614], [106.828845, -6.206305], [106.828986, -6.206472], [106.829118, -6.206616], [106.829215, -6.20674], [106.829321, -6.20692], [106.829522, -6.207332], [106.829687, -6.207693], [106.829825, -6.207994], [106.829926, -6.208275], [106.830026, -6.208571], [106.83009, -6.208793], [106.830157, -6.209064], [106.830218, -6.209343], [106.830286, -6.2097], [106.830321, -6.209975], [106.830374, -6.210482], [106.830409, -6.211021], [106.830421, -6.211294], [106.830427, -6.211835], [106.830418, -6.212618], [106.830426, -6.212949], [106.830456, -6.213343], [106.830667, -6.216178], [106.830695, -6.216442], [106.830747, -6.216765], [106.830824, -6.21717], [106.831019, -6.218046], [106.831202, -6.218647], [106.831474, -6.219496], [106.831614, -6.219835], [106.831886, -6.220466], [106.831956, -6.220652], [106.832025, -6.220872], [106.832056, -6.220988], [106.83222, -6.221645], [106.832531, -6.222886], [106.832721, -6.223647], [106.832773, -6.223854], [106.832811, -6.224051], [106.832834, -6.224237], [106.832853, -6.224449], [106.832912, -6.225217], [106.832983, -6.226057], [106.833182, -6.228787], [106.833225, -6.229349], [106.833227, -6.229665], [106.833214, -6.229855], [106.833192, -6.230042], [106.833157, -6.23022], [106.8331, -6.230416], [106.832955, -6.230915], [106.832884, -6.231129], [106.832828, -6.231284], [106.832768, -6.231439], [106.832688, -6.231597], [106.832526, -6.231928], [106.832457, -6.232055], [106.832377, -6.232187], [106.832284, -6.232332], [106.832168, -6.232493], [106.831999, -6.232694], [106.831824, -6.232903], [106.831647, -6.233099], [106.831481, -6.23327], [106.831181, -6.233532], [106.83086, -6.233767], [106.830592, -6.233945], [106.830269, -6.234125], [106.829253, -6.234585], [106.82899, -6.234719], [106.828865, -6.234795], [106.828758, -6.234865], [106.828619, -6.23497], [106.828505, -6.235063], [106.828417, -6.235143], [106.828199, -6.235363], [106.828043, -6.235539], [106.827917, -6.2357], [106.827825, -6.235834], [106.827583, -6.236212], [106.827518, -6.236324], [106.827468, -6.236429], [106.827426, -6.236548], [106.827393, -6.236675], [106.82738, -6.236809], [106.82738, -6.236918], [106.827403, -6.237065], [106.827436, -6.237179], [106.827486, -6.237303], [106.827546, -6.237407], [106.82762, -6.237511], [106.827714, -6.237612], [106.827819, -6.237695], [106.827948, -6.237781], [106.82834, -6.238021], [106.828556, -6.238145], [106.828795, -6.238274], [106.829531, -6.238629], [106.829723, -6.238729], [106.830319, -6.23909], [106.830702, -6.239328], [106.830928, -6.239474], [106.831527, -6.239889], [106.83178, -6.240054], [106.831977, -6.24017], [106.832444, -6.240431], [106.832683, -6.240558], [106.832927, -6.240666], [106.833144, -6.240749], [106.833335, -6.240812], [106.833547, -6.240873], [106.835027, -6.241263], [106.836192, -6.241553], [106.83695, -6.241742], [106.837818, -6.241978], [106.838511, -6.242169], [106.839082, -6.242318], [106.839934, -6.24255], [106.840192, -6.242624], [106.840483, -6.242704], [106.841237, -6.242899], [106.841436, -6.242966], [106.841637, -6.243042], [106.842427, -6.243394], [106.842634, -6.243477], [106.842825, -6.24354], [106.843023, -6.2436], [106.843259, -6.243645], [106.843473, -6.243669], [106.846024, -6.243805], [106.846314, -6.243804], [106.846778, -6.243789], [106.84801, -6.24367], [106.848507, -6.24364], [106.848876, -6.243622], [106.849651, -6.243604], [106.850033, -6.243584], [106.851911, -6.243458], [106.85228, -6.243451], [106.855601, -6.243463], [106.857072, -6.243504], [106.857926, -6.243522], [106.858287, -6.243529], [106.858557, -6.243531], [106.858896, -6.243535], [106.859265, -6.243535], [106.85974, -6.243529], [106.860067, -6.243525], [106.860709, -6.243508], [106.861104, -6.243491], [106.861679, -6.243463], [106.862242, -6.243441], [106.862776, -6.243422], [106.863092, -6.243424], [106.863398, -6.243435], [106.863649, -6.243444], [106.863805, -6.243452], [106.86397, -6.243464], [106.864102, -6.243479], [106.864229, -6.243497], [106.864522, -6.243546], [106.865044, -6.243644], [106.865292, -6.243705], [106.865542, -6.243775], [106.865802, -6.243858], [106.866709, -6.244171], [106.867057, -6.244301], [106.867374, -6.244432], [106.869559, -6.245367], [106.86963, -6.245398], [106.869771, -6.245461], [106.870034, -6.245567], [106.870155, -6.245611], [106.870378, -6.245686], [106.870532, -6.245735], [106.870751, -6.245796], [106.871223, -6.245926], [106.872376, -6.246223], [106.872859, -6.246353], [106.872961, -6.246379], [106.873312, -6.246461], [106.87358, -6.24654], [106.873739, -6.246607], [106.873887, -6.246684], [106.874539, -6.247244], [106.875379, -6.24793], [106.875608, -6.248176], [106.875692, -6.248294], [106.875749, -6.248405], [106.875785, -6.248547], [106.875799, -6.248651], [106.875794, -6.248764], [106.875775, -6.248878], [106.875742, -6.248984], [106.87568, -6.249116], [106.87562, -6.249209], [106.875418, -6.24947], [106.875242, -6.249658], [106.875052, -6.249831], [106.874633, -6.250229], [106.874302, -6.250556], [106.873789, -6.25104], [106.873427, -6.25139], [106.873153, -6.251671], [106.873006, -6.251885], [106.872851, -6.252127], [106.872626, -6.252539], [106.872524, -6.252803], [106.871715, -6.254885], [106.871655, -6.255075], [106.87163, -6.25528], [106.871633, -6.255447], [106.871663, -6.255599], [106.871731, -6.255779], [106.871815, -6.255928], [106.871864, -6.255995], [106.871983, -6.256129], [106.87277, -6.25672], [106.872919, -6.256892], [106.873029, -6.257049], [106.873084, -6.257188], [106.873126, -6.257338], [106.873386, -6.25874], [106.873443, -6.259118], [106.873461, -6.259588], [106.873462, -6.259937], [106.873228, -6.263748], [106.873199, -6.264275], [106.873234, -6.264674], [106.873357, -6.265579], [106.873409, -6.266167], [106.873414, -6.266723], [106.873379, -6.267075], [106.873054, -6.268904], [106.87299, -6.269544], [106.872964, -6.270165], [106.872967, -6.270743], [106.87298, -6.271269], [106.873013, -6.272057], [106.873068, -6.272914], [106.873077, -6.27325], [106.873112, -6.273524], [106.873161, -6.273769], [106.873304, -6.274416], [106.873671, -6.276022], [106.873859, -6.276639], [106.874102, -6.277347], [106.874557, -6.278435], [106.875106, -6.279818], [106.876761, -6.283742], [106.877024, -6.284351], [106.877493, -6.285273], [106.877646, -6.285598], [106.877767, -6.28581], [106.878027, -6.286253], [106.878252, -6.286648], [106.878326, -6.286812], [106.878418, -6.287036], [106.878636, -6.287618], [106.878789, -6.288053], [106.878909, -6.288333], [106.879101, -6.288808], [106.879302, -6.289418], [106.879531, -6.290098], [106.879847, -6.291019], [106.879979, -6.29141], [106.880347, -6.29241], [106.880543, -6.292911], [106.88076, -6.293488], [106.881602, -6.29556], [106.881914, -6.296347], [106.882012, -6.296608], [106.882783, -6.298515], [106.883111, -6.299229], [106.883266, -6.299716], [106.883354, -6.30008], [106.883428, -6.300407], [106.883757, -6.302155], [106.883785, -6.302344], [106.883829, -6.302572], [106.883863, -6.302794], [106.883893, -6.30298], [106.883937, -6.303108], [106.884025, -6.303274], [106.884104, -6.303386], [106.884428, -6.303794], [106.884539, -6.303969], [106.884596, -6.304086], [106.884644, -6.304233], [106.884667, -6.304402], [106.884658, -6.304598], [106.884621, -6.304777], [106.884528, -6.304996], [106.884109, -6.305872], [106.88392, -6.30628], [106.883879, -6.306473], [106.883867, -6.306602], [106.883874, -6.306827], [106.883889, -6.306962], [106.884079, -6.307955], [106.884247, -6.308901], [106.884358, -6.309552], [106.884525, -6.310429], [106.884551, -6.310526], [106.884583, -6.310615], [106.884621, -6.310704], [106.884672, -6.310812], [106.884737, -6.310936], [106.884936, -6.311293], [106.885052, -6.311507], [106.885114, -6.311641], [106.885171, -6.311795], [106.885289, -6.312168], [106.885389, -6.312575], [106.885487, -6.312958], [106.88569, -6.313951], [106.885837, -6.31462], [106.885948, -6.315131], [106.886037, -6.31565], [106.88621, -6.31663], [106.886286, -6.31711], [106.886392, -6.317789], [106.886513, -6.318652], [106.88657, -6.319277], [106.886616, -6.321212], [106.886608, -6.32313], [106.886616, -6.323768], [106.886629, -6.324364], [106.886673, -6.326432], [106.886681, -6.326928], [106.886763, -6.328283], [106.886788, -6.329121], [106.886834, -6.329919], [106.88694, -6.330977], [106.887022, -6.331625], [106.887926, -6.337145], [106.887985, -6.337479], [106.888054, -6.337777], [106.888178, -6.338201], [106.888306, -6.338622], [106.888398, -6.339011], [106.888623, -6.340166], [106.889004, -6.342173], [106.889229, -6.343378], [106.889766, -6.346241], [106.889827, -6.346534], [106.889978, -6.347089], [106.890664, -6.349544], [106.89083, -6.350197], [106.891187, -6.351463], [106.891691, -6.353223], [106.89189, -6.354052], [106.892225, -6.355043], [106.892378, -6.355606], [106.892593, -6.356531], [106.892678, -6.356955], [106.893177, -6.359858], [106.893475, -6.36158], [106.893692, -6.363259], [106.894001, -6.365533], [106.894046, -6.365807], [106.894108, -6.36605], [106.894183, -6.366263], [106.894446, -6.366954], [106.894521, -6.367204], [106.894572, -6.367428], [106.894661, -6.367953], [106.894966, -6.369798], [106.895135, -6.371032], [106.895208, -6.371536], [106.895377, -6.372445], [106.895538, -6.373274], [106.895652, -6.373896]]}}, {"type": "Feature", "properties": {"lineId": "BK", "color": "#2E5AA8", "mode": "lrt"}, "geometry": {"type": "LineString", "coordinates": [[106.825525, -6.204851], [106.826366, -6.205027], [106.82684, -6.205126], [106.827174, -6.205191], [106.827389, -6.205226], [106.827794, -6.205282], [106.827923, -6.205306], [106.828045, -6.205341], [106.82816, -6.205387], [106.828273, -6.205452], [106.828367, -6.205528], [106.828446, -6.205614], [106.828534, -6.20575], [106.828604, -6.205889], [106.828665, -6.206023], [106.82873, -6.20614], [106.828845, -6.206305], [106.828986, -6.206472], [106.829118, -6.206616], [106.829215, -6.20674], [106.829321, -6.20692], [106.829522, -6.207332], [106.829687, -6.207693], [106.829825, -6.207994], [106.829926, -6.208275], [106.830026, -6.208571], [106.83009, -6.208793], [106.830157, -6.209064], [106.830218, -6.209343], [106.830286, -6.2097], [106.830321, -6.209975], [106.830374, -6.210482], [106.830409, -6.211021], [106.830421, -6.211294], [106.830427, -6.211835], [106.830418, -6.212618], [106.830426, -6.212949], [106.830456, -6.213343], [106.830667, -6.216178], [106.830695, -6.216442], [106.830747, -6.216765], [106.830824, -6.21717], [106.831019, -6.218046], [106.831202, -6.218647], [106.831474, -6.219496], [106.831614, -6.219835], [106.831886, -6.220466], [106.831956, -6.220652], [106.832025, -6.220872], [106.832056, -6.220988], [106.83222, -6.221645], [106.832531, -6.222886], [106.832721, -6.223647], [106.832773, -6.223854], [106.832811, -6.224051], [106.832834, -6.224237], [106.832853, -6.224449], [106.832912, -6.225217], [106.832983, -6.226057], [106.833182, -6.228787], [106.833225, -6.229349], [106.833227, -6.229665], [106.833214, -6.229855], [106.833192, -6.230042], [106.833157, -6.23022], [106.8331, -6.230416], [106.832955, -6.230915], [106.832884, -6.231129], [106.832828, -6.231284], [106.832768, -6.231439], [106.832688, -6.231597], [106.832526, -6.231928], [106.832457, -6.232055], [106.832377, -6.232187], [106.832284, -6.232332], [106.832168, -6.232493], [106.831999, -6.232694], [106.831824, -6.232903], [106.831647, -6.233099], [106.831481, -6.23327], [106.831181, -6.233532], [106.83086, -6.233767], [106.830592, -6.233945], [106.830269, -6.234125], [106.829253, -6.234585], [106.82899, -6.234719], [106.828865, -6.234795], [106.828758, -6.234865], [106.828619, -6.23497], [106.828505, -6.235063], [106.828417, -6.235143], [106.828199, -6.235363], [106.828043, -6.235539], [106.827917, -6.2357], [106.827825, -6.235834], [106.827583, -6.236212], [106.827518, -6.236324], [106.827468, -6.236429], [106.827426, -6.236548], [106.827393, -6.236675], [106.82738, -6.236809], [106.82738, -6.236918], [106.827403, -6.237065], [106.827436, -6.237179], [106.827486, -6.237303], [106.827546, -6.237407], [106.82762, -6.237511], [106.827714, -6.237612], [106.827819, -6.237695], [106.827948, -6.237781], [106.82834, -6.238021], [106.828556, -6.238145], [106.828795, -6.238274], [106.829531, -6.238629], [106.829723, -6.238729], [106.830319, -6.23909], [106.830702, -6.239328], [106.830928, -6.239474], [106.831527, -6.239889], [106.83178, -6.240054], [106.831977, -6.24017], [106.832444, -6.240431], [106.832683, -6.240558], [106.832927, -6.240666], [106.833144, -6.240749], [106.833335, -6.240812], [106.833547, -6.240873], [106.835027, -6.241263], [106.836192, -6.241553], [106.83695, -6.241742], [106.837818, -6.241978], [106.838511, -6.242169], [106.839082, -6.242318], [106.839934, -6.24255], [106.840192, -6.242624], [106.840483, -6.242704], [106.841237, -6.242899], [106.841436, -6.242966], [106.841637, -6.243042], [106.842427, -6.243394], [106.842634, -6.243477], [106.842825, -6.24354], [106.843023, -6.2436], [106.843259, -6.243645], [106.843473, -6.243669], [106.846024, -6.243805], [106.846314, -6.243804], [106.846778, -6.243789], [106.84801, -6.24367], [106.848507, -6.24364], [106.848876, -6.243622], [106.849651, -6.243604], [106.850033, -6.243584], [106.851911, -6.243458], [106.85228, -6.243451], [106.855601, -6.243463], [106.857072, -6.243504], [106.857926, -6.243522], [106.858287, -6.243529], [106.858557, -6.243531], [106.858896, -6.243535], [106.859265, -6.243535], [106.85974, -6.243529], [106.860067, -6.243525], [106.860709, -6.243508], [106.861104, -6.243491], [106.861679, -6.243463], [106.862242, -6.243441], [106.862776, -6.243422], [106.863092, -6.243424], [106.863398, -6.243435], [106.863649, -6.243444], [106.863805, -6.243452], [106.86397, -6.243464], [106.864102, -6.243479], [106.864229, -6.243497], [106.864522, -6.243546], [106.865044, -6.243644], [106.865292, -6.243705], [106.865542, -6.243775], [106.865802, -6.243858], [106.866709, -6.244171], [106.867057, -6.244301], [106.867374, -6.244432], [106.869559, -6.245367], [106.86963, -6.245398], [106.869771, -6.245461], [106.870034, -6.245567], [106.870155, -6.245611], [106.870378, -6.245686], [106.870532, -6.245735], [106.870751, -6.245796], [106.871223, -6.245926], [106.872376, -6.246223], [106.872859, -6.246353], [106.872961, -6.246379], [106.873312, -6.246461], [106.87358, -6.24654], [106.873739, -6.246607], [106.873887, -6.246684], [106.874539, -6.247244], [106.875379, -6.24793], [106.875652, -6.248157], [106.876069, -6.248512], [106.876216, -6.248634], [106.876403, -6.248721], [106.876598, -6.248796], [106.876773, -6.248809], [106.876919, -6.2488], [106.877085, -6.248764], [106.877229, -6.248716], [106.877552, -6.248553], [106.87851, -6.247868], [106.879016, -6.247518], [106.879175, -6.247425], [106.879325, -6.247348], [106.879462, -6.24729], [106.87958, -6.247243], [106.879783, -6.247189], [106.88008, -6.247135], [106.880312, -6.247126], [106.881375, -6.247173], [106.883396, -6.247281], [106.883758, -6.247286], [106.884047, -6.24727], [106.884557, -6.247192], [106.885036, -6.247078], [106.885446, -6.24695], [106.885865, -6.246776], [106.886509, -6.2464], [106.887093, -6.246023], [106.887297, -6.245877], [106.887557, -6.245693], [106.888085, -6.245308], [106.888779, -6.244834], [106.889219, -6.244538], [106.889465, -6.244377], [106.889728, -6.244229], [106.890039, -6.244085], [106.890272, -6.243999], [106.890501, -6.243931], [106.890741, -6.243865], [106.891025, -6.243795], [106.891457, -6.243725], [106.892334, -6.243632], [106.892922, -6.243624], [106.89342, -6.243675], [106.893914, -6.243759], [106.894523, -6.243937], [106.8952, -6.244182], [106.895855, -6.244483], [106.896707, -6.244999], [106.897422, -6.245524], [106.897797, -6.245884], [106.898418, -6.246553], [106.899493, -6.248043], [106.899896, -6.248739], [106.900797, -6.25032], [106.901237, -6.251066], [106.901543, -6.251513], [106.901831, -6.251882], [106.902054, -6.252152], [106.902354, -6.252492], [106.902674, -6.252812], [106.903052, -6.253156], [106.903341, -6.253399], [106.903857, -6.253782], [106.904145, -6.253977], [106.904481, -6.254177], [106.904942, -6.25444], [106.905438, -6.254679], [106.906331, -6.255006], [106.90724, -6.255245], [106.907654, -6.255396], [106.912594, -6.257448], [106.91316, -6.257635], [106.913837, -6.257812], [106.914682, -6.258002], [106.915036, -6.258066], [106.915273, -6.258104], [106.915878, -6.258154], [106.916365, -6.258163], [106.918143, -6.258226], [106.919712, -6.258184], [106.921446, -6.25812], [106.922411, -6.258066], [106.924849, -6.257907], [106.926871, -6.2578], [106.927915, -6.257743], [106.936902, -6.257291], [106.938442, -6.257219], [106.940355, -6.257127], [106.940688, -6.257086], [106.943021, -6.256709], [106.943324, -6.256685], [106.943623, -6.256685], [106.943784, -6.256685], [106.945749, -6.256852], [106.94599, -6.256868], [106.946306, -6.256868], [106.948161, -6.256793], [106.94972, -6.25672], [106.951854, -6.256617], [106.95268, -6.256568], [106.954165, -6.256339], [106.954505, -6.256309], [106.955394, -6.256262], [106.955666, -6.256242], [106.956048, -6.256187], [106.95794, -6.255803], [106.959197, -6.255509], [106.959475, -6.255468], [106.95981, -6.255443], [106.960791, -6.255394], [106.961107, -6.255362], [106.961352, -6.255323], [106.961633, -6.255256], [106.961898, -6.255174], [106.962514, -6.254945], [106.96318, -6.25468], [106.965022, -6.253957], [106.965575, -6.253693], [106.96793, -6.252327], [106.970014, -6.250942], [106.970696, -6.250524], [106.971349, -6.250159], [106.971875, -6.249899], [106.972461, -6.249634], [106.97324, -6.249323], [106.974121, -6.249038], [106.974868, -6.248844], [106.975517, -6.248709], [106.976247, -6.248603], [106.9771, -6.248518], [106.977577, -6.248501], [106.978854, -6.248509], [106.979536, -6.248533], [106.979808, -6.248558], [106.980119, -6.248591], [106.980726, -6.248687], [106.981295, -6.248826], [106.982227, -6.249119], [106.98308, -6.249427], [106.985424, -6.250479], [106.986878, -6.251261], [106.990413, -6.252981], [106.9944, -6.254472], [107.007205, -6.259047], [107.008372, -6.259489], [107.010093, -6.260068], [107.018308, -6.262965], [107.019768, -6.26346], [107.020549, -6.263734], [107.021665, -6.264126]]}}, {"type": "Feature", "properties": {"lineId": "B", "color": "#E0001B", "mode": "commuter"}, "geometry": {"type": "LineString", "coordinates": [[106.816119, -6.137467], [106.816137, -6.137461], [106.816302, -6.137387], [106.816423, -6.137323], [106.816646, -6.137223], [106.816882, -6.13712], [106.817086, -6.137037], [106.817216, -6.137], [106.818235, -6.136748], [106.818884, -6.136565], [106.81917, -6.136497], [106.819624, -6.136402], [106.819875, -6.136378], [106.820144, -6.136371], [106.820389, -6.136408], [106.820655, -6.13648], [106.820901, -6.136592], [106.821067, -6.136678], [106.821211, -6.13677], [106.821349, -6.136893], [106.821465, -6.137033], [106.821582, -6.137185], [106.821749, -6.137457], [106.821839, -6.137727], [106.822369, -6.139625], [106.822555, -6.140184], [106.822577, -6.140243], [106.822691, -6.140541], [106.822776, -6.140738], [106.822895, -6.141002], [106.823033, -6.141256], [106.823275, -6.141681], [106.823524, -6.142096], [106.824235, -6.143279], [106.824512, -6.143723], [106.82573, -6.145719], [106.826144, -6.146547], [106.826235, -6.146753], [106.826386, -6.147148], [106.826528, -6.147564], [106.826613, -6.147873], [106.826699, -6.148231], [106.826802, -6.148823], [106.827099, -6.150523], [106.827222, -6.151273], [106.827289, -6.151862], [106.82733, -6.152782], [106.827359, -6.153804], [106.827433, -6.158479], [106.827468, -6.159438], [106.827484, -6.15969], [106.82751, -6.160024], [106.827578, -6.16044], [106.827639, -6.160711], [106.827772, -6.161155], [106.827899, -6.161475], [106.827973, -6.161644], [106.82804, -6.161792], [106.828166, -6.162018], [106.828335, -6.162305], [106.828535, -6.162601], [106.82892, -6.163143], [106.829477, -6.163921], [106.829705, -6.164289], [106.829842, -6.164531], [106.829994, -6.164828], [106.830121, -6.165154], [106.83018, -6.165306], [106.830307, -6.16574], [106.830382, -6.166128], [106.830431, -6.166518], [106.830451, -6.166947], [106.830457, -6.167255], [106.830468, -6.167562], [106.830461, -6.168271], [106.830453, -6.168404], [106.830406, -6.168824], [106.8303, -6.169345], [106.829866, -6.17097], [106.829829, -6.17113], [106.829786, -6.171338], [106.829776, -6.171382], [106.829743, -6.171637], [106.829734, -6.171738], [106.829718, -6.171939], [106.829714, -6.172194], [106.829711, -6.172366], [106.829739, -6.172679], [106.829756, -6.172868], [106.829824, -6.173381], [106.82993, -6.173898], [106.830054, -6.174435], [106.830077, -6.174537], [106.830291, -6.17554], [106.830386, -6.17592], [106.830471, -6.176225], [106.831231, -6.17855], [106.831262, -6.178635], [106.831438, -6.179122], [106.831656, -6.179734], [106.831734, -6.180046], [106.831829, -6.18056], [106.832157, -6.182812], [106.832383, -6.184562], [106.832504, -6.185551], [106.832558, -6.185837], [106.832649, -6.186219], [106.832764, -6.186576], [106.832889, -6.186933], [106.832988, -6.187186], [106.833085, -6.187406], [106.833222, -6.187691], [106.833554, -6.188264], [106.83436, -6.189393], [106.83591, -6.191444], [106.837478, -6.193547], [106.839572, -6.196298], [106.840407, -6.197437], [106.841857, -6.199375], [106.843183, -6.201145], [106.844053, -6.202464], [106.846155, -6.205293], [106.846344, -6.205557], [106.846455, -6.205729], [106.846571, -6.205934], [106.846848, -6.206445], [106.847002, -6.206689], [106.847143, -6.206896], [106.84728, -6.207084], [106.847726, -6.207623], [106.847908, -6.207855], [106.8482, -6.208266], [106.848467, -6.208694], [106.848827, -6.209239], [106.84892, -6.209363], [106.850308, -6.211205], [106.850639, -6.211643], [106.851672, -6.212966], [106.852401, -6.213818], [106.853395, -6.214976], [106.853937, -6.215666], [106.854399, -6.216266], [106.854429, -6.216304], [106.85474, -6.216709], [106.854844, -6.216845], [106.855398, -6.217563], [106.855959, -6.218312], [106.856326, -6.218783], [106.856662, -6.219239], [106.856863, -6.219517], [106.85704, -6.219751], [106.857246, -6.220106], [106.857364, -6.220333], [106.857511, -6.220607], [106.857704, -6.221029], [106.857817, -6.221314], [106.857898, -6.22154], [106.85794, -6.221658], [106.858056, -6.222078], [106.858156, -6.222511], [106.858234, -6.222995], [106.858317, -6.223432], [106.858329, -6.223498], [106.858372, -6.224174], [106.858386, -6.224665], [106.85839, -6.224835], [106.858394, -6.225271], [106.858404, -6.225729], [106.858408, -6.225935], [106.858428, -6.227532], [106.858487, -6.230954], [106.85854, -6.234064], [106.858551, -6.234658], [106.858557, -6.235145], [106.858578, -6.236733], [106.858598, -6.238226], [106.858636, -6.240973], [106.858673, -6.24255], [106.858675, -6.242671], [106.85868, -6.24287], [106.858699, -6.243529], [106.858708, -6.244545], [106.85872, -6.244965], [106.858715, -6.245682], [106.858679, -6.246259], [106.858649, -6.246497], [106.858606, -6.246805], [106.858558, -6.247043], [106.858376, -6.247769], [106.858247, -6.248203], [106.858094, -6.2486], [106.857872, -6.249144], [106.85762, -6.249729], [106.857209, -6.25066], [106.856952, -6.251223], [106.856648, -6.251861], [106.856386, -6.252431], [106.856168, -6.252904], [106.855944, -6.253403], [106.855758, -6.253817], [106.85542, -6.254581], [106.855133, -6.255212], [106.855031, -6.255446], [106.854929, -6.255665], [106.854889, -6.255751], [106.854779, -6.255995], [106.85446, -6.256705], [106.853943, -6.257885], [106.853604, -6.258674], [106.852815, -6.260471], [106.851955, -6.262391], [106.851099, -6.264298], [106.850499, -6.265668], [106.849159, -6.268656], [106.848798, -6.269457], [106.8486, -6.269904], [106.84784, -6.271562], [106.84733, -6.272757], [106.847312, -6.272806], [106.84723, -6.272976], [106.847049, -6.273354], [106.846939, -6.273631], [106.84663, -6.274521], [106.846475, -6.274969], [106.846238, -6.275786], [106.84616, -6.276103], [106.846056, -6.276559], [106.845863, -6.277633], [106.845541, -6.279406], [106.845439, -6.279954], [106.845364, -6.280361], [106.845301, -6.280702], [106.845151, -6.281502], [106.844757, -6.283767], [106.844618, -6.284593], [106.844577, -6.284811], [106.844404, -6.285639], [106.844153, -6.286575], [106.843826, -6.287591], [106.842846, -6.290025], [106.842108, -6.291811], [106.841673, -6.292867], [106.841381, -6.293587], [106.841137, -6.294296], [106.840995, -6.294715], [106.840727, -6.295637], [106.84059, -6.296181], [106.84045, -6.296869], [106.840343, -6.29762], [106.8403, -6.298026], [106.84026, -6.298596], [106.840204, -6.299671], [106.84011, -6.300681], [106.840091, -6.300971], [106.840032, -6.301443], [106.839957, -6.301953], [106.839855, -6.302558], [106.839727, -6.303235], [106.839422, -6.305164], [106.838988, -6.307703], [106.838647, -6.309692], [106.837682, -6.315197], [106.836885, -6.319749], [106.83658, -6.320768], [106.836427, -6.321199], [106.83608, -6.321914], [106.835745, -6.322498], [106.835027, -6.323521], [106.834282, -6.324692], [106.834101, -6.325049], [106.833896, -6.325579], [106.833812, -6.325876], [106.833717, -6.326337], [106.833681, -6.326678], [106.833669, -6.327054], [106.833678, -6.327566], [106.833723, -6.328017], [106.833846, -6.328471], [106.833931, -6.328695], [106.834053, -6.32902], [106.834143, -6.32922], [106.834191, -6.329326], [106.834817, -6.330624], [106.834921, -6.330861], [106.834976, -6.330986], [106.835045, -6.331183], [106.835242, -6.331871], [106.835319, -6.332224], [106.835397, -6.33263], [106.835442, -6.332975], [106.835464, -6.33336], [106.835466, -6.33368], [106.835431, -6.334225], [106.835334, -6.334881], [106.834292, -6.33908], [106.833922, -6.340663], [106.833665, -6.341768], [106.833346, -6.343984], [106.83333, -6.344131], [106.832617, -6.349376], [106.831913, -6.354533], [106.831633, -6.356963], [106.831581, -6.357623], [106.831577, -6.358158], [106.831582, -6.358693], [106.831636, -6.359405], [106.831776, -6.360531], [106.831861, -6.361301], [106.831935, -6.361829], [106.832131, -6.363182], [106.832283, -6.364265], [106.832313, -6.36448], [106.832356, -6.364875], [106.832447, -6.365632], [106.832489, -6.366365], [106.832471, -6.366942], [106.832409, -6.367581], [106.832296, -6.368251], [106.832256, -6.368432], [106.832112, -6.368905], [106.832094, -6.368954], [106.831588, -6.370501], [106.831465, -6.370878], [106.831358, -6.371187], [106.831187, -6.371683], [106.83072, -6.373096], [106.83057, -6.373517], [106.83004, -6.375137], [106.829907, -6.375529], [106.829799, -6.375908], [106.828906, -6.37864], [106.828599, -6.379592], [106.828456, -6.379963], [106.828178, -6.380576], [106.827881, -6.381128], [106.827549, -6.381685], [106.827123, -6.382292], [106.826445, -6.383205], [106.826298, -6.38338], [106.825956, -6.38377], [106.824779, -6.385049], [106.824252, -6.385709], [106.823932, -6.386185], [106.823548, -6.38684], [106.823236, -6.387468], [106.822715, -6.388674], [106.822373, -6.38942], [106.821971, -6.390249], [106.821211, -6.392071], [106.820777, -6.393101], [106.820428, -6.394065], [106.820185, -6.394732], [106.81946, -6.39645], [106.818892, -6.397854], [106.818633, -6.398579], [106.818308, -6.399607], [106.817877, -6.401012], [106.817668, -6.401747], [106.817504, -6.402312], [106.81739, -6.402817], [106.816942, -6.405023], [106.816926, -6.405112], [106.81674, -6.406184], [106.816677, -6.406606], [106.816642, -6.406821], [106.816553, -6.407406], [106.816345, -6.408427], [106.816324, -6.408528], [106.816208, -6.4091], [106.816102, -6.409594], [106.816058, -6.409821], [106.815965, -6.410289], [106.815871, -6.410765], [106.815669, -6.411686], [106.8156, -6.412033], [106.815506, -6.412459], [106.815463, -6.412632], [106.815084, -6.414353], [106.814905, -6.415178], [106.814875, -6.415344], [106.814661, -6.416412], [106.814567, -6.416875], [106.8144, -6.417641], [106.814331, -6.417869], [106.814233, -6.418308], [106.814184, -6.418455], [106.813808, -6.419562], [106.81373, -6.419811], [106.813576, -6.420259], [106.81343, -6.420699], [106.81303, -6.4218], [106.81272, -6.422688], [106.812306, -6.423876], [106.812173, -6.424259], [106.812111, -6.424465], [106.811791, -6.425405], [106.811543, -6.426106], [106.811496, -6.426241], [106.811253, -6.42698], [106.811004, -6.427697], [106.8104, -6.429378], [106.809672, -6.431548], [106.808797, -6.434016], [106.808165, -6.435773], [106.807338, -6.437573], [106.80609, -6.440159], [106.80562, -6.441164], [106.804611, -6.443317], [106.803145, -6.446394], [106.802926, -6.446916], [106.802819, -6.447196], [106.802605, -6.447817], [106.802291, -6.449041], [106.802056, -6.450029], [106.80198, -6.450414], [106.801953, -6.450547], [106.801903, -6.450826], [106.801797, -6.451375], [106.801716, -6.451738], [106.801575, -6.452366], [106.801549, -6.452479], [106.801476, -6.452788], [106.801374, -6.453222], [106.801078, -6.454477], [106.800989, -6.454895], [106.800895, -6.455432], [106.800792, -6.456169], [106.80074, -6.456844], [106.800726, -6.457768], [106.800728, -6.458319], [106.800755, -6.458828], [106.800892, -6.459877], [106.801007, -6.460505], [106.801058, -6.460765], [106.801381, -6.462638], [106.801746, -6.464514], [106.8019, -6.465322], [106.802041, -6.46608], [106.802132, -6.466521], [106.802172, -6.466766], [106.802402, -6.467965], [106.802445, -6.468184], [106.802462, -6.468284], [106.802482, -6.468404], [106.802594, -6.469036], [106.802657, -6.469456], [106.802692, -6.469796], [106.802719, -6.470956], [106.802742, -6.472344], [106.802751, -6.473095], [106.802757, -6.473456], [106.802752, -6.475062], [106.802769, -6.476065], [106.802735, -6.476523], [106.802641, -6.477277], [106.802593, -6.477499], [106.802478, -6.478093], [106.80246, -6.478144], [106.802274, -6.478682], [106.802059, -6.479247], [106.801914, -6.479584], [106.801744, -6.479958], [106.80165, -6.480144], [106.801564, -6.480302], [106.801442, -6.480507], [106.801292, -6.480743], [106.801129, -6.480982], [106.800806, -6.481419], [106.800456, -6.481834], [106.800392, -6.481908], [106.800144, -6.482208], [106.799747, -6.482661], [106.798894, -6.483682], [106.797795, -6.484961], [106.797072, -6.485869], [106.796824, -6.486247], [106.796508, -6.486723], [106.796344, -6.486992], [106.796295, -6.4871], [106.796086, -6.487548], [106.795983, -6.487792], [106.795668, -6.488617], [106.795463, -6.489383], [106.79521, -6.490454], [106.795093, -6.49121], [106.795074, -6.491606], [106.794959, -6.494016], [106.794934, -6.494757], [106.794927, -6.49498], [106.794925, -6.495286], [106.794933, -6.495678], [106.794956, -6.496014], [106.795109, -6.497361], [106.795185, -6.498172], [106.795321, -6.499494], [106.79541, -6.500501], [106.79544, -6.500881], [106.795484, -6.501436], [106.795509, -6.501662], [106.795535, -6.502021], [106.795605, -6.502711], [106.795651, -6.50353], [106.795697, -6.504925], [106.795697, -6.505111], [106.795724, -6.505665], [106.795761, -6.506151], [106.795797, -6.506483], [106.795823, -6.506697], [106.796123, -6.508072], [106.796406, -6.509302], [106.796597, -6.510212], [106.796697, -6.510714], [106.796779, -6.511364], [106.796789, -6.511956], [106.796737, -6.512517], [106.796556, -6.513863], [106.796547, -6.514034], [106.796563, -6.514487], [106.796606, -6.514868], [106.796698, -6.515293], [106.796867, -6.515813], [106.797104, -6.51632], [106.797389, -6.516778], [106.797619, -6.517067], [106.798136, -6.517596], [106.798477, -6.517944], [106.79897, -6.518453], [106.799433, -6.518922], [106.799571, -6.519086], [106.79991, -6.519505], [106.800072, -6.519725], [106.800208, -6.519945], [106.80032, -6.520126], [106.800609, -6.520709], [106.800771, -6.521048], [106.800949, -6.521547], [106.801067, -6.522024], [106.801178, -6.522511], [106.801247, -6.523428], [106.801232, -6.523851], [106.801166, -6.524822], [106.801052, -6.526049], [106.800965, -6.526789], [106.80092, -6.527183], [106.800832, -6.527921], [106.800805, -6.528265], [106.800747, -6.529504], [106.800728, -6.529831], [106.800629, -6.531109], [106.800537, -6.531927], [106.800513, -6.532102], [106.800457, -6.532517], [106.800437, -6.532728], [106.800278, -6.534207], [106.800257, -6.534442], [106.800188, -6.535513], [106.800129, -6.536131], [106.800025, -6.537307], [106.799964, -6.538092], [106.799892, -6.538877], [106.799869, -6.539182], [106.79982, -6.539691], [106.799792, -6.540009], [106.799762, -6.540263], [106.799685, -6.541002], [106.799583, -6.541997], [106.799483, -6.543475], [106.799482, -6.543484], [106.799473, -6.543869], [106.799482, -6.544639], [106.799503, -6.545283], [106.79956, -6.545953], [106.799642, -6.546626], [106.799793, -6.547658], [106.799871, -6.548192], [106.799991, -6.548889], [106.80011, -6.549483], [106.800262, -6.550166], [106.800426, -6.550935], [106.800715, -6.552193], [106.8008, -6.552583], [106.800968, -6.553368], [106.801045, -6.553714], [106.80115, -6.554184], [106.80145, -6.55549], [106.801658, -6.556507], [106.801811, -6.557203], [106.801982, -6.557895], [106.802144, -6.558617], [106.80227, -6.559292], [106.802423, -6.559988], [106.802711, -6.561167], [106.802756, -6.561431], [106.802774, -6.56157], [106.802794, -6.561725], [106.802817, -6.561885], [106.802826, -6.562039], [106.802828, -6.562075], [106.802828, -6.562233], [106.802826, -6.562536], [106.802823, -6.562654], [106.802818, -6.562772], [106.802794, -6.56312], [106.802791, -6.563142], [106.80277, -6.563304], [106.80275, -6.563435], [106.80272, -6.563594], [106.802688, -6.563737], [106.802664, -6.563845], [106.802557, -6.564217], [106.802507, -6.564367], [106.80232, -6.564804], [106.80231, -6.564839], [106.802222, -6.565059], [106.802171, -6.565189], [106.80211, -6.56534], [106.802078, -6.565421], [106.80181, -6.566], [106.801745, -6.566174], [106.801678, -6.566324], [106.801551, -6.566609], [106.80134, -6.56705], [106.801277, -6.567162], [106.801055, -6.567554], [106.800793, -6.567959], [106.800547, -6.568236], [106.800331, -6.568505], [106.800142, -6.568702], [106.799942, -6.568905], [106.799681, -6.569136], [106.799425, -6.569318], [106.798992, -6.569627], [106.798655, -6.56984], [106.797888, -6.570314], [106.797621, -6.570506], [106.79705, -6.570867], [106.796718, -6.571076], [106.796376, -6.571293], [106.795884, -6.571623], [106.795596, -6.571841], [106.795393, -6.572006], [106.795164, -6.572184], [106.794951, -6.572395], [106.794489, -6.572918], [106.794087, -6.573442], [106.793951, -6.573619], [106.793873, -6.573742], [106.793803, -6.57387], [106.793445, -6.574578], [106.793285, -6.574938], [106.793158, -6.575267], [106.793068, -6.575581], [106.792943, -6.576068], [106.792845, -6.576569], [106.792807, -6.576881], [106.792775, -6.577376], [106.792774, -6.577856], [106.792798, -6.578167], [106.792839, -6.578478], [106.793041, -6.579836], [106.793223, -6.581051], [106.793362, -6.582047], [106.793368, -6.582119], [106.793379, -6.582575], [106.793368, -6.582839], [106.793333, -6.583385], [106.793266, -6.583819], [106.79322, -6.584099], [106.793169, -6.584285], [106.793135, -6.584402], [106.79308, -6.584589], [106.79303, -6.584758], [106.792209, -6.587596], [106.792014, -6.588247], [106.791857, -6.588731], [106.791687, -6.589334], [106.791485, -6.589996], [106.791354, -6.590455], [106.791302, -6.59064], [106.791267, -6.59076], [106.791147, -6.591158], [106.791101, -6.591634], [106.791064, -6.591837], [106.791018, -6.592072], [106.790873, -6.592969], [106.790774, -6.593821], [106.790724, -6.594284]]}}, {"type": "Feature", "properties": {"lineId": "C", "color": "#00A2E9", "mode": "commuter"}, "geometry": {"type": "LineString", "coordinates": [[107.145748, -6.255585], [107.145397, -6.255432], [107.144842, -6.255199], [107.143455, -6.254596], [107.143337, -6.254541], [107.142909, -6.254346], [107.142838, -6.254313], [107.142547, -6.254175], [107.142067, -6.253953], [107.14143, -6.253664], [107.141123, -6.253561], [107.140714, -6.253442], [107.140418, -6.253379], [107.140024, -6.253315], [107.139811, -6.253293], [107.139343, -6.253265], [107.138964, -6.25326], [107.138625, -6.253271], [107.138397, -6.253288], [107.138062, -6.253325], [107.137493, -6.253396], [107.137318, -6.253404], [107.137097, -6.253425], [107.13209, -6.254205], [107.128365, -6.254776], [107.12819, -6.254805], [107.120149, -6.256105], [107.11236, -6.257308], [107.110235, -6.257643], [107.110126, -6.25766], [107.106501, -6.258228], [107.1056, -6.258366], [107.101191, -6.259073], [107.09917, -6.259386], [107.091965, -6.260507], [107.091763, -6.260537], [107.089141, -6.260967], [107.086998, -6.261302], [107.086908, -6.261319], [107.085756, -6.261537], [107.085656, -6.261553], [107.083655, -6.261881], [107.083176, -6.261949], [107.082819, -6.261993], [107.080759, -6.262302], [107.079029, -6.26258], [107.078472, -6.262662], [107.076766, -6.262898], [107.076281, -6.262949], [107.075298, -6.262995], [107.074799, -6.26301], [107.074315, -6.262996], [107.073734, -6.262971], [107.073277, -6.262941], [107.073198, -6.262936], [107.072757, -6.262892], [107.072372, -6.262843], [107.071662, -6.262736], [107.070974, -6.262607], [107.070098, -6.262418], [107.068149, -6.261882], [107.06522, -6.261076], [107.064621, -6.260918], [107.062957, -6.260465], [107.061613, -6.26011], [107.060118, -6.259705], [107.059577, -6.25957], [107.059241, -6.25947], [107.05826, -6.25921], [107.058084, -6.259163], [107.056561, -6.258833], [107.056441, -6.258807], [107.054362, -6.258231], [107.053754, -6.258029], [107.053456, -6.257943], [107.051798, -6.257473], [107.051712, -6.257451], [107.051326, -6.257348], [107.048938, -6.256714], [107.044097, -6.255471], [107.041542, -6.254773], [107.037319, -6.253653], [107.032901, -6.252489], [107.029814, -6.251285], [107.027094, -6.250246], [107.024571, -6.249286], [107.020666, -6.247781], [107.019221, -6.247269], [107.018723, -6.247086], [107.016949, -6.246381], [107.015966, -6.245965], [107.015957, -6.245961], [107.015165, -6.245662], [107.014474, -6.245388], [107.013548, -6.245049], [107.013272, -6.244946], [107.012991, -6.244839], [107.011728, -6.244354], [107.010566, -6.243917], [107.010088, -6.243706], [107.009347, -6.243341], [107.008346, -6.242831], [107.007843, -6.242575], [107.007227, -6.242245], [107.006651, -6.241892], [107.006045, -6.241457], [107.005558, -6.241021], [107.005207, -6.240679], [107.004428, -6.240023], [107.003859, -6.239544], [107.003546, -6.239302], [107.003111, -6.239005], [107.00265, -6.238716], [107.002323, -6.238514], [107.002095, -6.238368], [107.001996, -6.238264], [107.000578, -6.237392], [107.000236, -6.237179], [106.999973, -6.237023], [106.997126, -6.23524], [106.996829, -6.235052], [106.996258, -6.2347], [106.996144, -6.234626], [106.995353, -6.234134], [106.994549, -6.233639], [106.993168, -6.232789], [106.992987, -6.232675], [106.992472, -6.232353], [106.990993, -6.23143], [106.990747, -6.231276], [106.990602, -6.231186], [106.989286, -6.230339], [106.988547, -6.229872], [106.986473, -6.228546], [106.985662, -6.228043], [106.985398, -6.227887], [106.984726, -6.227484], [106.984007, -6.227037], [106.983323, -6.226626], [106.982076, -6.225864], [106.980792, -6.225027], [106.979879, -6.224452], [106.978889, -6.223832], [106.978008, -6.223274], [106.977377, -6.222893], [106.977025, -6.222686], [106.976808, -6.222559], [106.976546, -6.222423], [106.976327, -6.222324], [106.9759, -6.222141], [106.975265, -6.221918], [106.974848, -6.221796], [106.974535, -6.221722], [106.974212, -6.221663], [106.97397, -6.221623], [106.973605, -6.221578], [106.97194, -6.22137], [106.971136, -6.221287], [106.970692, -6.221239], [106.97069, -6.221239], [106.970449, -6.221211], [106.969772, -6.221132], [106.968768, -6.221004], [106.966658, -6.220752], [106.96535, -6.220607], [106.964506, -6.220509], [106.96336, -6.22037], [106.962683, -6.220293], [106.962079, -6.220214], [106.960614, -6.220039], [106.959066, -6.219837], [106.957743, -6.219695], [106.956984, -6.219612], [106.955808, -6.219512], [106.955488, -6.219481], [106.954923, -6.219424], [106.954269, -6.219345], [106.952061, -6.219089], [106.951613, -6.219041], [106.950952, -6.21896], [106.95026, -6.218883], [106.949593, -6.218809], [106.949269, -6.218767], [106.948706, -6.218679], [106.948502, -6.218644], [106.948342, -6.218618], [106.94771, -6.218504], [106.946742, -6.218369], [106.945526, -6.21824], [106.945338, -6.218219], [106.942948, -6.217935], [106.941762, -6.217788], [106.939262, -6.217489], [106.938806, -6.217444], [106.938478, -6.217411], [106.938467, -6.21741], [106.937856, -6.217348], [106.936969, -6.217242], [106.936067, -6.217117], [106.934673, -6.21696], [106.933681, -6.216848], [106.932921, -6.216751], [106.931219, -6.216551], [106.927036, -6.216044], [106.926881, -6.216026], [106.924867, -6.215785], [106.92463, -6.215754], [106.923961, -6.215656], [106.923658, -6.215612], [106.921403, -6.215326], [106.920111, -6.215198], [106.919427, -6.21512], [106.912471, -6.21425], [106.910207, -6.213981], [106.910037, -6.213992], [106.909989, -6.213986], [106.908603, -6.213814], [106.907184, -6.213637], [106.907091, -6.213626], [106.906283, -6.213535], [106.906235, -6.21353], [106.905808, -6.213487], [106.905545, -6.213467], [106.905337, -6.213451], [106.905061, -6.213438], [106.904686, -6.213421], [106.904174, -6.213411], [106.9041, -6.21341], [106.903739, -6.213403], [106.903191, -6.213393], [106.902933, -6.213388], [106.902517, -6.213397], [106.90224, -6.213403], [106.901988, -6.213408], [106.901669, -6.213408], [106.900642, -6.213407], [106.898653, -6.21336], [106.898173, -6.213332], [106.897484, -6.21331], [106.89638, -6.213262], [106.895849, -6.213239], [106.895666, -6.213236], [106.894154, -6.2132], [106.892521, -6.213166], [106.892297, -6.21316], [106.891682, -6.213169], [106.891242, -6.213203], [106.890783, -6.21326], [106.890298, -6.213341], [106.889807, -6.213458], [106.888365, -6.213915], [106.888121, -6.21398], [106.887627, -6.21408], [106.887468, -6.21407], [106.887294, -6.214097], [106.886927, -6.214139], [106.884892, -6.214269], [106.880119, -6.214548], [106.877353, -6.214707], [106.87618, -6.214797], [106.875556, -6.214838], [106.874912, -6.214867], [106.87475, -6.214875], [106.873323, -6.21495], [106.873085, -6.214968], [106.872542, -6.214999], [106.871943, -6.215007], [106.871932, -6.215007], [106.870337, -6.215023], [106.869593, -6.215015], [106.869283, -6.215012], [106.869079, -6.215027], [106.86892, -6.215033], [106.868424, -6.21503], [106.868099, -6.215019], [106.867792, -6.214983], [106.867563, -6.214933], [106.86735, -6.214869], [106.867153, -6.214798], [106.866962, -6.214711], [106.866725, -6.214566], [106.86652, -6.214409], [106.866191, -6.214111], [106.865871, -6.213813], [106.865246, -6.213234], [106.865103, -6.21311], [106.864236, -6.212316], [106.864018, -6.212144], [106.863756, -6.211979], [106.863512, -6.211863], [106.863312, -6.211789], [106.863102, -6.21172], [106.86292, -6.211684], [106.862667, -6.211651], [106.862394, -6.211637], [106.862163, -6.211648], [106.861919, -6.211681], [106.861701, -6.211738], [106.86147, -6.211818], [106.861174, -6.211931], [106.860879, -6.212055], [106.86076, -6.212105], [106.860705, -6.212128], [106.858917, -6.212879], [106.858341, -6.21313], [106.856245, -6.214017], [106.855471, -6.21437], [106.855238, -6.214445], [106.855013, -6.214495], [106.854779, -6.214528], [106.854546, -6.214544], [106.8543, -6.214532], [106.853977, -6.214484], [106.853788, -6.214436], [106.853562, -6.21437], [106.853238, -6.214209], [106.853071, -6.21412], [106.852928, -6.21402], [106.852708, -6.213813], [106.852588, -6.213678], [106.852384, -6.213435], [106.85208, -6.213072], [106.851887, -6.212802], [106.85161, -6.21239], [106.85134, -6.212009], [106.851045, -6.21158], [106.850829, -6.211286], [106.850689, -6.211108], [106.850406, -6.210741], [106.849924, -6.210103], [106.849647, -6.209741], [106.849479, -6.209515], [106.849265, -6.20923], [106.849074, -6.208978], [106.848999, -6.208879], [106.848651, -6.208425], [106.848596, -6.208354], [106.848397, -6.208155], [106.848321, -6.20806], [106.848198, -6.2079], [106.84811, -6.207803], [106.848047, -6.207733], [106.847871, -6.207514], [106.847815, -6.207438], [106.847515, -6.207041], [106.847482, -6.206994], [106.847119, -6.206552], [106.846924, -6.206352], [106.846615, -6.206108], [106.846475, -6.206019], [106.846319, -6.205938], [106.846179, -6.205874], [106.846071, -6.20583], [106.84593, -6.20578], [106.845692, -6.205711], [106.845393, -6.205667], [106.845183, -6.20565], [106.844974, -6.20565], [106.844748, -6.205668], [106.844442, -6.205724], [106.844163, -6.205809], [106.843898, -6.20593], [106.843532, -6.206124], [106.843234, -6.206285], [106.843024, -6.206382], [106.842666, -6.206482], [106.842466, -6.206524], [106.842034, -6.20656], [106.841861, -6.206551], [106.84169, -6.206531], [106.841462, -6.206493], [106.841149, -6.206397], [106.838743, -6.205573], [106.83733, -6.205105], [106.83706, -6.205041], [106.834036, -6.204597], [106.830957, -6.204156], [106.830563, -6.20407], [106.82574, -6.202937], [106.825624, -6.20291], [106.824985, -6.20276], [106.824342, -6.202605], [106.823688, -6.20245], [106.823242, -6.202345], [106.823073, -6.202306], [106.822686, -6.202221], [106.822338, -6.202142], [106.818681, -6.201353], [106.817835, -6.201166], [106.815974, -6.200764], [106.815534, -6.200669], [106.81521, -6.200594], [106.813952, -6.200315], [106.813671, -6.200231], [106.813393, -6.200106], [106.813141, -6.199965], [106.812864, -6.199762], [106.81268, -6.199588], [106.81243, -6.199325], [106.812241, -6.199042], [106.812104, -6.198776], [106.811134, -6.196461], [106.810789, -6.195656], [106.810755, -6.195574], [106.810607, -6.195202], [106.810528, -6.194952], [106.810482, -6.194769], [106.810452, -6.194618], [106.810248, -6.193072], [106.81024, -6.192635], [106.810244, -6.192456], [106.810261, -6.192296], [106.810324, -6.191958], [106.810439, -6.191483], [106.810582, -6.190966], [106.810935, -6.189726], [106.810973, -6.189549], [106.811041, -6.18915], [106.81113, -6.188641], [106.811164, -6.188453], [106.81119, -6.18827], [106.81119, -6.188143], [106.811182, -6.187979], [106.811147, -6.187631], [106.811062, -6.186868], [106.811056, -6.186734], [106.811071, -6.186324], [106.811066, -6.186186], [106.811041, -6.185948], [106.811036, -6.185901], [106.810993, -6.185549], [106.810985, -6.18548], [106.810923, -6.184946], [106.810905, -6.184791], [106.810894, -6.184646], [106.810881, -6.184486], [106.810873, -6.184246], [106.810863, -6.184018], [106.810741, -6.18292], [106.810719, -6.182806], [106.810683, -6.182677], [106.810653, -6.18259], [106.810622, -6.182506], [106.810574, -6.182372], [106.810532, -6.182219], [106.81039, -6.180828], [106.81035, -6.180443], [106.810301, -6.180117], [106.810253, -6.179909], [106.810201, -6.179734], [106.810138, -6.179587], [106.810053, -6.179417], [106.809827, -6.179095], [106.809523, -6.178656], [106.806539, -6.174325], [106.805253, -6.172463], [106.803286, -6.169631], [106.802818, -6.168919], [106.802566, -6.168534], [106.802471, -6.168369], [106.802408, -6.168226], [106.802263, -6.167897], [106.802169, -6.167656], [106.802092, -6.167374], [106.802064, -6.167184], [106.802039, -6.166973], [106.802011, -6.166715], [106.801706, -6.161584], [106.801628, -6.160086], [106.801608, -6.159499], [106.801587, -6.159138], [106.801536, -6.158652], [106.80149, -6.157548], [106.801493, -6.157443], [106.801504, -6.156788], [106.801501, -6.156568], [106.801476, -6.156115], [106.801446, -6.155594], [106.801413, -6.155067], [106.801406, -6.154958], [106.801397, -6.15485], [106.801355, -6.154437], [106.801303, -6.15378], [106.801198, -6.152171], [106.801168, -6.151787], [106.80098, -6.148479], [106.800974, -6.148362], [106.800937, -6.147717], [106.800904, -6.147152], [106.800886, -6.146883], [106.800831, -6.146142], [106.800796, -6.145516], [106.80069, -6.143541], [106.800655, -6.142968], [106.800648, -6.142866], [106.800609, -6.142135], [106.800603, -6.141987], [106.800595, -6.141769], [106.800451, -6.139182], [106.800361, -6.137611], [106.800294, -6.136703], [106.800282, -6.136545], [106.800261, -6.13593], [106.800263, -6.135708], [106.800316, -6.135395], [106.800393, -6.135049], [106.800481, -6.134791], [106.800575, -6.134569], [106.800757, -6.134234], [106.800939, -6.133983], [106.801158, -6.133737], [106.801378, -6.133532], [106.801601, -6.133357], [106.801872, -6.133187], [106.802143, -6.133053], [106.802592, -6.132896], [106.805656, -6.132113], [106.806504, -6.131898], [106.807047, -6.131757], [106.807127, -6.131737], [106.809561, -6.131105], [106.809641, -6.131084], [106.810182, -6.130944], [106.810352, -6.130902], [106.810646, -6.130826], [106.811544, -6.13058], [106.811886, -6.130487], [106.812045, -6.130448], [106.812329, -6.130373], [106.813383, -6.130093], [106.813729, -6.130031], [106.8141, -6.130043], [106.814845, -6.130203], [106.815268, -6.130292], [106.815568, -6.130371], [106.815858, -6.130478], [106.816821, -6.130972], [106.818592, -6.132005], [106.818914, -6.132186], [106.819346, -6.13239], [106.819631, -6.132508], [106.820559, -6.132831], [106.820923, -6.132909], [106.821159, -6.132938], [106.821428, -6.132947], [106.82159, -6.132948], [106.821788, -6.132932], [106.822099, -6.132883], [106.822609, -6.132751], [106.822945, -6.132671], [106.82315, -6.132636], [106.824464, -6.132418], [106.82514, -6.132301], [106.8255, -6.132239], [106.825926, -6.132161], [106.8261, -6.132129], [106.826684, -6.132033], [106.826971, -6.132017], [106.827281, -6.132031], [106.82752, -6.132068], [106.827719, -6.132114], [106.827988, -6.132204], [106.828202, -6.132299], [106.828931, -6.132701]]}}, {"type": "Feature", "properties": {"lineId": "R", "color": "#00A651", "mode": "commuter"}, "geometry": {"type": "LineString", "coordinates": [[106.810794, -6.186527], [106.810819, -6.186743], [106.810862, -6.186959], [106.810898, -6.187126], [106.810966, -6.187655], [106.810993, -6.187968], [106.811009, -6.188236], [106.811003, -6.188497], [106.810974, -6.188822], [106.810918, -6.189149], [106.810835, -6.189602], [106.810277, -6.191637], [106.810097, -6.19231], [106.81004, -6.192558], [106.81, -6.192846], [106.809975, -6.193094], [106.809962, -6.193337], [106.809984, -6.193791], [106.810043, -6.194219], [106.810338, -6.195531], [106.810412, -6.195952], [106.810448, -6.19621], [106.810454, -6.196555], [106.810421, -6.196866], [106.810382, -6.197067], [106.810307, -6.197328], [106.810187, -6.197621], [106.810086, -6.197808], [106.809997, -6.197952], [106.809771, -6.198241], [106.809716, -6.198305], [106.809583, -6.198479], [106.809279, -6.198823], [106.808746, -6.199467], [106.808332, -6.199948], [106.807948, -6.200388], [106.8078, -6.200536], [106.807633, -6.20069], [106.807519, -6.200788], [106.807377, -6.200895], [106.807229, -6.201002], [106.807082, -6.2011], [106.806733, -6.201302], [106.806309, -6.20149], [106.806001, -6.201642], [106.805284, -6.201974], [106.804427, -6.202364], [106.803954, -6.20258], [106.80337, -6.202846], [106.802539, -6.20323], [106.802228, -6.20337], [106.801734, -6.203595], [106.801323, -6.203802], [106.800491, -6.204185], [106.799392, -6.204696], [106.79922, -6.204784], [106.798955, -6.204949], [106.798775, -6.205097], [106.798626, -6.205243], [106.798448, -6.205456], [106.798324, -6.205629], [106.798202, -6.205827], [106.798115, -6.205993], [106.797232, -6.20792], [106.797106, -6.208202], [106.796555, -6.20942], [106.796453, -6.209631], [106.796331, -6.209922], [106.796233, -6.210167], [106.796153, -6.210447], [106.796119, -6.210671], [106.7961, -6.210869], [106.796098, -6.211132], [106.796118, -6.211627], [106.796138, -6.212093], [106.796159, -6.212376], [106.79616, -6.212537], [106.796139, -6.212764], [106.796104, -6.213014], [106.796042, -6.213266], [106.795958, -6.213506], [106.795826, -6.213756], [106.795636, -6.214046], [106.79557, -6.214131], [106.795471, -6.214257], [106.795209, -6.214514], [106.794615, -6.215041], [106.794391, -6.215246], [106.794155, -6.215467], [106.793847, -6.215788], [106.793626, -6.216042], [106.793471, -6.216234], [106.793369, -6.216364], [106.793254, -6.216494], [106.793051, -6.216776], [106.792908, -6.216991], [106.792761, -6.217229], [106.792612, -6.217479], [106.792484, -6.217697], [106.792334, -6.217978], [106.792164, -6.218394], [106.791974, -6.218841], [106.791444, -6.220139], [106.790719, -6.22186], [106.790506, -6.222364], [106.790301, -6.222859], [106.790096, -6.223334], [106.789947, -6.223675], [106.789806, -6.223987], [106.789629, -6.224341], [106.789215, -6.225049], [106.788749, -6.225853], [106.788485, -6.226313], [106.787695, -6.22763], [106.787528, -6.227914], [106.787256, -6.228357], [106.7863, -6.230024], [106.785991, -6.230552], [106.785728, -6.230984], [106.785611, -6.231175], [106.784732, -6.232643], [106.784449, -6.233118], [106.78349, -6.234751], [106.783274, -6.235136], [106.783188, -6.23532], [106.782998, -6.23579], [106.782659, -6.23675], [106.782289, -6.237809], [106.78228, -6.237843], [106.781837, -6.239138], [106.781677, -6.239516], [106.781531, -6.239833], [106.781444, -6.239991], [106.781282, -6.240266], [106.781175, -6.24043], [106.781052, -6.240612], [106.7808, -6.240951], [106.780733, -6.241035], [106.78042, -6.24142], [106.780108, -6.241791], [106.779907, -6.242024], [106.77977, -6.242189], [106.779477, -6.242544], [106.779193, -6.242863], [106.778838, -6.243284], [106.778537, -6.243655], [106.778146, -6.244116], [106.777813, -6.24451], [106.77756, -6.244813], [106.77723, -6.245203], [106.776895, -6.245603], [106.776016, -6.246646], [106.774966, -6.247884], [106.774261, -6.248728], [106.77406, -6.248953], [106.773894, -6.249164], [106.773484, -6.24963], [106.773177, -6.249957], [106.773031, -6.250125], [106.772799, -6.25036], [106.77244, -6.250708], [106.772139, -6.250988], [106.771931, -6.251176], [106.771485, -6.251565], [106.770676, -6.25223], [106.770302, -6.252509], [106.769792, -6.25291], [106.769609, -6.25306], [106.769233, -6.253355], [106.769049, -6.253502], [106.768811, -6.253677], [106.768571, -6.253829], [106.768377, -6.253934], [106.768159, -6.254036], [106.767782, -6.254182], [106.767459, -6.254305], [106.766685, -6.254602], [106.766285, -6.254789], [106.76601, -6.254915], [106.765708, -6.255061], [106.765216, -6.255305], [106.764546, -6.255653], [106.763921, -6.256], [106.763261, -6.256396], [106.762995, -6.256578], [106.762752, -6.256769], [106.762537, -6.256999], [106.762368, -6.257212], [106.762175, -6.257528], [106.762073, -6.257723], [106.76194, -6.25806], [106.761859, -6.258326], [106.76153, -6.259628], [106.761443, -6.259991], [106.761324, -6.260495], [106.761233, -6.260862], [106.761177, -6.261065], [106.761078, -6.261348], [106.761023, -6.261484], [106.760909, -6.261715], [106.760692, -6.262085], [106.760434, -6.262457], [106.760297, -6.262633], [106.76012, -6.262825], [106.76, -6.262947], [106.759808, -6.26312], [106.759567, -6.263307], [106.759316, -6.263485], [106.7589, -6.263763], [106.758387, -6.264116], [106.757768, -6.264551], [106.757536, -6.264715], [106.757218, -6.264926], [106.756908, -6.265147], [106.756831, -6.265212], [106.756583, -6.265443], [106.756021, -6.266011], [106.755718, -6.266314], [106.755149, -6.266894], [106.754773, -6.267274], [106.75444, -6.267624], [106.754338, -6.267727], [106.754278, -6.267787], [106.75418, -6.267886], [106.753763, -6.268307], [106.753452, -6.268615], [106.753151, -6.268942], [106.752804, -6.269283], [106.752548, -6.26956], [106.752155, -6.269967], [106.75172, -6.270409], [106.751386, -6.270744], [106.751007, -6.271146], [106.750638, -6.271524], [106.750448, -6.271718], [106.750228, -6.271949], [106.750084, -6.2721], [106.749746, -6.272458], [106.749512, -6.272692], [106.749138, -6.273046], [106.748748, -6.273407], [106.748215, -6.273887], [106.747762, -6.274247], [106.747306, -6.274622], [106.746929, -6.274927], [106.746417, -6.275334], [106.745728, -6.275878], [106.745565, -6.276006], [106.745428, -6.276106], [106.745183, -6.276306], [106.743565, -6.277592], [106.742188, -6.278689], [106.741797, -6.278995], [106.740882, -6.279753], [106.74065, -6.27994], [106.740022, -6.280432], [106.73898, -6.281259], [106.738384, -6.281742], [106.73742, -6.282519], [106.736349, -6.283393], [106.735409, -6.284138], [106.734753, -6.284626], [106.73429, -6.284948], [106.733999, -6.285147], [106.733064, -6.285801], [106.732429, -6.28626], [106.731972, -6.286583], [106.73167, -6.2868], [106.731197, -6.287113], [106.731124, -6.287165], [106.729737, -6.288143], [106.729549, -6.288278], [106.729352, -6.288409], [106.72799, -6.289384], [106.727485, -6.289748], [106.727306, -6.289872], [106.726921, -6.290136], [106.726764, -6.29023], [106.726615, -6.290308], [106.726438, -6.290392], [106.726128, -6.290531], [106.72586, -6.290627], [106.72557, -6.290712], [106.72543, -6.290743], [106.725286, -6.290768], [106.724985, -6.290819], [106.724543, -6.290872], [106.724186, -6.290917], [106.72384, -6.290965], [106.723524, -6.291044], [106.723217, -6.291138], [106.722959, -6.291233], [106.722702, -6.291342], [106.722346, -6.291517], [106.722164, -6.291629], [106.721917, -6.291803], [106.721697, -6.291984], [106.721175, -6.292496], [106.720809, -6.292878], [106.720625, -6.293058], [106.720449, -6.293216], [106.720264, -6.293377], [106.720026, -6.293566], [106.719795, -6.293735], [106.719616, -6.29385], [106.719404, -6.29398], [106.719169, -6.294106], [106.719004, -6.294183], [106.718674, -6.294327], [106.71846, -6.294405], [106.717896, -6.294549], [106.717333, -6.294676], [106.71684, -6.294785], [106.716421, -6.294882], [106.715961, -6.295021], [106.715628, -6.295144], [106.715308, -6.295308], [106.714894, -6.295553], [106.713731, -6.296216], [106.713392, -6.296409], [106.711867, -6.297274], [106.711403, -6.297527], [106.711043, -6.297729], [106.708956, -6.298907], [106.708283, -6.299286], [106.707881, -6.299508], [106.707437, -6.299758], [106.706815, -6.30011], [106.705657, -6.300758], [106.703703, -6.301868], [106.703363, -6.302063], [106.703026, -6.302272], [106.702618, -6.30252], [106.702531, -6.302575], [106.701492, -6.303221], [106.700947, -6.303555], [106.700602, -6.303749], [106.700258, -6.303944], [106.700066, -6.304042], [106.698995, -6.304527], [106.698564, -6.304719], [106.696149, -6.305821], [106.694297, -6.306666], [106.694024, -6.30679], [106.693387, -6.30707], [106.692642, -6.307421], [106.691217, -6.308077], [106.690942, -6.308202], [106.690729, -6.308295], [106.690525, -6.308374], [106.690206, -6.308497], [106.687439, -6.309377], [106.686276, -6.309749], [106.685194, -6.310095], [106.683188, -6.310726], [106.682533, -6.310931], [106.682216, -6.311034], [106.681852, -6.311168], [106.681245, -6.311446], [106.681005, -6.311572], [106.680662, -6.311754], [106.680417, -6.311902], [106.680312, -6.311972], [106.680028, -6.312157], [106.679439, -6.312613], [106.678951, -6.313008], [106.678264, -6.313568], [106.678065, -6.31372], [106.677869, -6.313858], [106.677395, -6.314147], [106.677224, -6.314248], [106.676766, -6.314519], [106.676091, -6.314906], [106.675047, -6.315506], [106.67424, -6.315958], [106.673201, -6.316516], [106.672741, -6.31678], [106.672472, -6.316943], [106.672141, -6.317182], [106.671988, -6.317308], [106.671807, -6.317483], [106.67171, -6.317588], [106.671582, -6.317735], [106.671491, -6.317847], [106.671288, -6.318152], [106.670852, -6.318771], [106.670628, -6.319077], [106.670471, -6.319233], [106.670407, -6.319305], [106.670116, -6.319546], [106.669827, -6.319726], [106.669467, -6.319901], [106.669147, -6.320011], [106.668895, -6.320075], [106.668676, -6.320114], [106.668419, -6.32013], [106.668032, -6.320135], [106.667483, -6.320137], [106.667427, -6.320137], [106.666708, -6.320135], [106.665713, -6.32014], [106.665477, -6.320142], [106.664746, -6.320146], [106.664186, -6.320159], [106.663547, -6.320159], [106.663024, -6.320156], [106.662308, -6.320163], [106.661289, -6.320157], [106.66101, -6.32017], [106.660772, -6.320182], [106.660634, -6.320197], [106.660292, -6.320267], [106.660122, -6.320314], [106.659829, -6.320414], [106.659523, -6.320564], [106.659217, -6.320731], [106.657876, -6.321588], [106.657334, -6.321954], [106.656955, -6.322173], [106.656655, -6.322315], [106.656307, -6.322457], [106.655944, -6.322584], [106.655672, -6.322657], [106.655275, -6.322738], [106.655056, -6.322765], [106.654765, -6.322793], [106.651645, -6.32295], [106.649546, -6.323056], [106.648255, -6.323121], [106.646083, -6.323231], [106.645378, -6.323264], [106.644297, -6.323327], [106.644095, -6.323354], [106.644001, -6.323367], [106.6438, -6.323411], [106.643446, -6.323525], [106.643087, -6.323687], [106.642765, -6.323848], [106.641766, -6.324351], [106.6415, -6.324488], [106.640591, -6.324954], [106.640183, -6.325162], [106.639731, -6.325392], [106.639448, -6.32551], [106.639203, -6.325593], [106.639051, -6.325636], [106.638761, -6.325706], [106.638572, -6.325737], [106.638302, -6.325773], [106.638135, -6.325786], [106.637943, -6.325798], [106.637575, -6.325804], [106.63688, -6.325825], [106.636531, -6.325836], [106.635842, -6.325862], [106.631745, -6.325973], [106.631262, -6.325994], [106.630927, -6.326036], [106.630713, -6.326084], [106.630543, -6.326132], [106.630384, -6.326187], [106.630251, -6.326245], [106.630089, -6.326323], [106.629795, -6.326505], [106.629627, -6.326638], [106.629456, -6.326782], [106.628934, -6.327248], [106.628725, -6.327423], [106.628568, -6.327538], [106.628408, -6.327633], [106.628265, -6.327715], [106.628095, -6.327791], [106.627937, -6.327852], [106.627695, -6.327925], [106.627529, -6.327968], [106.627179, -6.328048], [106.625752, -6.328361], [106.625415, -6.328424], [106.625176, -6.328466], [106.621085, -6.329031], [106.620617, -6.329107], [106.620181, -6.329207], [106.619719, -6.329364], [106.618165, -6.329981], [106.618015, -6.330039], [106.617388, -6.330286], [106.616851, -6.3305], [106.616651, -6.330584], [106.616442, -6.330681], [106.616178, -6.330822], [106.615964, -6.33095], [106.615743, -6.331112], [106.615508, -6.331309], [106.614478, -6.332187], [106.614214, -6.332408], [106.614041, -6.332553], [106.613731, -6.332778], [106.613404, -6.332996], [106.613012, -6.333242], [106.612933, -6.333283], [106.612662, -6.33342], [106.612331, -6.333568], [106.612068, -6.333679], [106.611745, -6.333796], [106.611474, -6.33388], [106.611425, -6.333896], [106.611195, -6.333967], [106.610845, -6.334063], [106.610445, -6.334155], [106.609945, -6.334252], [106.609415, -6.334368], [106.608399, -6.334588], [106.607722, -6.334731], [106.607355, -6.334809], [106.605557, -6.335192], [106.605209, -6.335267], [106.604161, -6.335493], [106.6026, -6.335829], [106.602147, -6.335928], [106.601392, -6.336091], [106.600064, -6.336387], [106.599922, -6.336417], [106.598951, -6.336628], [106.598014, -6.336824], [106.597617, -6.336906], [106.596447, -6.337161], [106.595038, -6.337463], [106.594156, -6.337655], [106.592199, -6.338059], [106.591747, -6.338154], [106.591498, -6.338221], [106.591176, -6.338318], [106.590629, -6.338496], [106.590211, -6.338675], [106.590153, -6.338702], [106.589806, -6.338861], [106.589326, -6.339073], [106.588491, -6.339461], [106.587414, -6.339955], [106.586157, -6.340523], [106.585266, -6.340936], [106.584794, -6.341153], [106.583902, -6.341549], [106.583561, -6.341702], [106.583145, -6.341897], [106.582712, -6.342096], [106.582512, -6.3422], [106.582202, -6.342386], [106.581962, -6.342567], [106.581802, -6.342715], [106.581457, -6.343077], [106.581388, -6.343164], [106.581032, -6.343581], [106.580806, -6.343807], [106.580664, -6.34394], [106.580489, -6.344088], [106.580244, -6.344266], [106.580047, -6.344384], [106.579827, -6.344495], [106.57952, -6.344619], [106.579238, -6.344704], [106.578909, -6.344773], [106.578576, -6.344801], [106.578272, -6.344799], [106.577909, -6.344788], [106.576723, -6.344708], [106.575366, -6.344625], [106.574332, -6.34457], [106.573343, -6.344525], [106.571591, -6.344432], [106.571535, -6.344429], [106.569358, -6.344291], [106.568689, -6.344251], [106.568592, -6.344245], [106.568153, -6.344219], [106.566968, -6.344146], [106.566375, -6.344108], [106.566019, -6.344087], [106.565752, -6.344064], [106.565234, -6.344036], [106.565093, -6.344028], [106.564711, -6.344018], [106.564388, -6.344015], [106.564205, -6.344017], [106.563891, -6.344034], [106.56377, -6.344052], [106.563512, -6.344081], [106.563269, -6.344124], [106.562899, -6.34419], [106.562701, -6.344238], [106.562491, -6.344294], [106.56222, -6.344367], [106.562039, -6.34442], [106.561843, -6.344487], [106.561629, -6.344564], [106.561429, -6.344642], [106.561168, -6.344754], [106.560554, -6.345045], [106.55967, -6.345466], [106.559133, -6.345718], [106.559037, -6.345763], [106.557922, -6.346303], [106.557442, -6.346537], [106.556667, -6.346902], [106.555959, -6.347246], [106.555408, -6.347517], [106.554161, -6.348108], [106.553578, -6.348381], [106.553216, -6.348554], [106.552532, -6.348877], [106.552332, -6.348973], [106.552217, -6.34903], [106.551877, -6.349198], [106.551374, -6.349447], [106.550382, -6.34992], [106.549058, -6.350544], [106.548263, -6.350895], [106.548074, -6.350967], [106.547862, -6.351046], [106.547585, -6.351124], [106.547462, -6.351154], [106.547222, -6.351195], [106.546827, -6.351243], [106.546778, -6.351247], [106.546405, -6.351258], [106.546183, -6.351244], [106.546065, -6.351236], [106.545593, -6.351173], [106.545339, -6.35114], [106.545113, -6.351124], [106.54482, -6.351115], [106.544623, -6.351123], [106.544313, -6.351146], [106.544044, -6.351199], [106.543755, -6.351272], [106.54345, -6.351392], [106.543137, -6.351548], [106.542858, -6.351717], [106.542357, -6.352073], [106.541309, -6.35283], [106.540594, -6.353348], [106.540576, -6.353361], [106.540206, -6.353629], [106.540047, -6.353743], [106.53962, -6.354051], [106.539436, -6.35419], [106.539253, -6.354308], [106.539074, -6.354422], [106.53884, -6.354538], [106.538547, -6.354659], [106.538252, -6.354748], [106.538004, -6.354802], [106.537718, -6.354851], [106.537415, -6.35487], [106.537092, -6.354867], [106.536671, -6.354837], [106.535723, -6.354802], [106.535454, -6.354791], [106.535279, -6.354789], [106.534926, -6.354792], [106.534622, -6.35482], [106.534465, -6.354846], [106.534194, -6.354916], [106.533869, -6.355019], [106.533644, -6.355105], [106.533286, -6.355229], [106.532607, -6.355487], [106.531848, -6.355775], [106.531203, -6.356017], [106.529631, -6.356613], [106.529268, -6.356737], [106.529159, -6.356773], [106.529031, -6.356816], [106.528745, -6.356885], [106.528505, -6.35694], [106.528189, -6.356989], [106.52792, -6.357008], [106.527632, -6.357014], [106.527458, -6.357005], [106.52723, -6.356986], [106.526946, -6.356947], [106.526689, -6.356902], [106.526478, -6.356855], [106.526254, -6.356783], [106.526, -6.356686], [106.525684, -6.356544], [106.525144, -6.356281], [106.524898, -6.356164], [106.524757, -6.356092], [106.524401, -6.35593], [106.524215, -6.355847], [106.524027, -6.355774], [106.523871, -6.355719], [106.52369, -6.355668], [106.523512, -6.355633], [106.523314, -6.35561], [106.523095, -6.355578], [106.522861, -6.355565], [106.522639, -6.355572], [106.522446, -6.355582], [106.522177, -6.355622], [106.521955, -6.355674], [106.521299, -6.355829], [106.521111, -6.355867], [106.52094, -6.355898], [106.520792, -6.355914], [106.520619, -6.355927], [106.520467, -6.355919], [106.520305, -6.355896], [106.520118, -6.355855], [106.519908, -6.355772], [106.519697, -6.355652], [106.519527, -6.355527], [106.519362, -6.355377], [106.518926, -6.354941], [106.518608, -6.354631], [106.518499, -6.35452], [106.518293, -6.354371], [106.518115, -6.354255], [106.517892, -6.354139], [106.517635, -6.354026], [106.5174, -6.353952], [106.517138, -6.353901], [106.516899, -6.353878], [106.516669, -6.353882], [106.516492, -6.353888], [106.516124, -6.353905], [106.515803, -6.35393], [106.515441, -6.35396], [106.515114, -6.353994], [106.514948, -6.354018], [106.514784, -6.354058], [106.514582, -6.354125], [106.514394, -6.354185], [106.514193, -6.354262], [106.51402, -6.354346], [106.513844, -6.354433], [106.513197, -6.354818], [106.512994, -6.354938], [106.512831, -6.355035], [106.512737, -6.355082], [106.512601, -6.355145], [106.512482, -6.355191], [106.512317, -6.35523], [106.512147, -6.355263], [106.511932, -6.355286], [106.511732, -6.355283], [106.51152, -6.35525], [106.511351, -6.355217], [106.51118, -6.355164], [106.511023, -6.355099], [106.510844, -6.355007], [106.510529, -6.354817], [106.509126, -6.353907], [106.508995, -6.353822], [106.508763, -6.353663], [106.50863, -6.353557], [106.508471, -6.353406], [106.50827, -6.353172], [106.508201, -6.353065], [106.508049, -6.352798], [106.507859, -6.352408], [106.507721, -6.352131], [106.50741, -6.351503], [106.507238, -6.35117], [106.507094, -6.35093], [106.506936, -6.35071], [106.506722, -6.350444], [106.506563, -6.350269], [106.506344, -6.350038], [106.505853, -6.349559], [106.504971, -6.348702], [106.504197, -6.347926], [106.503647, -6.347371], [106.502889, -6.346631], [106.502667, -6.346404], [106.502411, -6.346159], [106.502153, -6.345929], [106.50192, -6.345745], [106.501663, -6.34556], [106.501454, -6.34542], [106.501273, -6.345308], [106.501054, -6.345184], [106.500559, -6.344932], [106.499686, -6.344496], [106.498189, -6.343779], [106.496915, -6.34315], [106.496187, -6.342802], [106.49579, -6.342601], [106.495529, -6.342445], [106.49541, -6.342361], [106.495227, -6.342223], [106.494985, -6.342027], [106.494791, -6.341849], [106.49461, -6.34166], [106.494407, -6.341415], [106.494206, -6.341137], [106.494058, -6.340902], [106.493755, -6.340303], [106.493448, -6.339696], [106.493349, -6.339498], [106.492137, -6.337074], [106.491859, -6.336546], [106.491189, -6.335216], [106.491089, -6.335036], [106.490987, -6.334894], [106.490903, -6.334775], [106.490741, -6.334563], [106.490646, -6.33445], [106.490455, -6.334268], [106.490262, -6.334108], [106.490112, -6.334003], [106.489947, -6.333906], [106.489708, -6.333785], [106.489556, -6.33372], [106.489383, -6.333656], [106.489202, -6.333604], [106.488971, -6.333547], [106.488713, -6.333509], [106.488465, -6.333491], [106.488241, -6.333487], [106.48799, -6.333511], [106.487788, -6.333546], [106.487589, -6.333586], [106.487395, -6.333644], [106.487157, -6.333728], [106.487074, -6.333756], [106.486451, -6.333981], [106.485878, -6.334185], [106.485721, -6.334241], [106.485508, -6.334303], [106.485325, -6.334345], [106.485147, -6.334375], [106.484871, -6.334404], [106.484651, -6.334418], [106.484385, -6.334432], [106.484187, -6.334418], [106.483951, -6.3344], [106.483744, -6.334371], [106.483514, -6.334322], [106.483306, -6.334277], [106.483118, -6.334219], [106.482965, -6.334169], [106.482711, -6.334082], [106.482669, -6.334064], [106.4824, -6.333968], [106.481905, -6.333782], [106.481815, -6.33375], [106.481662, -6.333697], [106.481188, -6.33353], [106.48053, -6.333289], [106.479769, -6.333028], [106.479016, -6.332747], [106.478119, -6.332417], [106.477405, -6.332162], [106.476682, -6.331911], [106.476478, -6.331838], [106.475838, -6.331614], [106.475352, -6.331433], [106.475055, -6.331308], [106.474815, -6.331195], [106.474625, -6.331099], [106.474439, -6.331], [106.474064, -6.330805], [106.473722, -6.330617], [106.473224, -6.330351], [106.472729, -6.330089], [106.472399, -6.32994], [106.472188, -6.329853], [106.471979, -6.329779], [106.471904, -6.329754], [106.471788, -6.329716], [106.471557, -6.329654], [106.471294, -6.329603], [106.471072, -6.329574], [106.470571, -6.329492], [106.469984, -6.329397], [106.469433, -6.329316], [106.468738, -6.329204], [106.467968, -6.329084], [106.467356, -6.328969], [106.465258, -6.328626], [106.464632, -6.328544], [106.464343, -6.328493], [106.464079, -6.328429], [106.46387, -6.328362], [106.463683, -6.328291], [106.46337, -6.328142], [106.462632, -6.32777], [106.462065, -6.327499], [106.46174, -6.32734], [106.460797, -6.326878], [106.460622, -6.326788], [106.460322, -6.326648], [106.460029, -6.326554], [106.4598, -6.326498], [106.459473, -6.326452], [106.459231, -6.326445], [106.45902, -6.326455], [106.45878, -6.326473], [106.457888, -6.326537], [106.456621, -6.326632], [106.455112, -6.326748], [106.453771, -6.326841], [106.45298, -6.326882], [106.452731, -6.326885], [106.45245, -6.326883], [106.452051, -6.326875], [106.451094, -6.326874], [106.450931, -6.326877], [106.449854, -6.326875], [106.448986, -6.326867], [106.448261, -6.326859], [106.447399, -6.326851], [106.44548, -6.326836], [106.445155, -6.326834], [106.442522, -6.32681], [106.440581, -6.32681], [106.440288, -6.326812], [106.43958, -6.326882], [106.439194, -6.326945], [106.438839, -6.32702], [106.438473, -6.32711], [106.438144, -6.32721], [106.437889, -6.327286], [106.437738, -6.327346], [106.437268, -6.327538], [106.43689, -6.327694], [106.436563, -6.327823], [106.436149, -6.327989], [106.435936, -6.328076], [106.435839, -6.328115], [106.43513, -6.328391], [106.434363, -6.328692], [106.433092, -6.329216], [106.432995, -6.329255], [106.432604, -6.32942], [106.432356, -6.32952], [106.431742, -6.329773], [106.431692, -6.329793], [106.430769, -6.330164], [106.430439, -6.330304], [106.429832, -6.330562], [106.428905, -6.330934], [106.427437, -6.331528], [106.426224, -6.332019], [106.424366, -6.33277], [106.422713, -6.333433], [106.422132, -6.333694], [106.42155, -6.333936], [106.420951, -6.334191], [106.420621, -6.334318], [106.420081, -6.334486], [106.419603, -6.334613], [106.419227, -6.334694], [106.418798, -6.334772], [106.418422, -6.334833], [106.417942, -6.334896], [106.416523, -6.335084], [106.415396, -6.335234], [106.414268, -6.335379], [106.412802, -6.33558], [106.412535, -6.335617], [106.410738, -6.335841], [106.408785, -6.336102], [106.408249, -6.336175], [106.407522, -6.336272], [106.407172, -6.336307], [106.406823, -6.336316], [106.406516, -6.336312], [106.406157, -6.336284], [106.405758, -6.336211], [106.405552, -6.336158], [106.405195, -6.336042], [106.404816, -6.335886], [106.404128, -6.335596], [106.403551, -6.335365], [106.402617, -6.334987], [106.400819, -6.334255], [106.399984, -6.333923], [106.399235, -6.33361], [106.398015, -6.333107], [106.394932, -6.33183], [106.39466, -6.331715], [106.394563, -6.331674], [106.393669, -6.331293], [106.39345, -6.3312], [106.392371, -6.330738], [106.392064, -6.330606], [106.391834, -6.330508], [106.390793, -6.33009], [106.390161, -6.329828], [106.38962, -6.329695], [106.389153, -6.329634], [106.388901, -6.329618], [106.388409, -6.329616], [106.380789, -6.330236], [106.380383, -6.330267], [106.376962, -6.330588], [106.376353, -6.330656], [106.375366, -6.330849], [106.374692, -6.331033], [106.373381, -6.331438], [106.372923, -6.331579], [106.371048, -6.332158], [106.370931, -6.332191], [106.370519, -6.332281], [106.370147, -6.332349], [106.369681, -6.332408], [106.369329, -6.332427], [106.365598, -6.332526], [106.365031, -6.332515], [106.364536, -6.332471], [106.364041, -6.332386], [106.363666, -6.332281], [106.363324, -6.332143], [106.36261, -6.331771], [106.361621, -6.331087], [106.361209, -6.330789], [106.359851, -6.329826], [106.359514, -6.329632], [106.359133, -6.329459], [106.358713, -6.329316], [106.358288, -6.329199], [106.357932, -6.329136], [106.357454, -6.329092], [106.35683, -6.329117], [106.356297, -6.329204], [106.35582, -6.32933], [106.355189, -6.329571], [106.354231, -6.330002], [106.347557, -6.332828], [106.347095, -6.333007], [106.3466, -6.333177], [106.346117, -6.333321], [106.345596, -6.333431], [106.345083, -6.333525], [106.344916, -6.333544], [106.335976, -6.334606], [106.334931, -6.33473], [106.331842, -6.335098], [106.331183, -6.335177], [106.329055, -6.33543], [106.328921, -6.335446], [106.328453, -6.335501], [106.32654, -6.335715], [106.326349, -6.335728], [106.325929, -6.335757], [106.325073, -6.33573], [106.320746, -6.335204], [106.319847, -6.335114], [106.31893, -6.335124], [106.318454, -6.335156], [106.31812, -6.335195], [106.317291, -6.335346], [106.316588, -6.335563], [106.315483, -6.335972], [106.314707, -6.336145], [106.313918, -6.336206], [106.311441, -6.336301], [106.310755, -6.336371], [106.310395, -6.336471], [106.31005, -6.336622], [106.309743, -6.33681], [106.309442, -6.337037], [106.308378, -6.337828], [106.307988, -6.338078], [106.307298, -6.338449], [106.306866, -6.338626], [106.306027, -6.338961], [106.302253, -6.340333], [106.301859, -6.34048], [106.30064, -6.340936], [106.300109, -6.341061], [106.299632, -6.341152], [106.299141, -6.341176], [106.298561, -6.341153], [106.298053, -6.341094], [106.297723, -6.341062], [106.289003, -6.340199], [106.288792, -6.340175], [106.288327, -6.340153], [106.287874, -6.340174], [106.287535, -6.340207], [106.287193, -6.340278], [106.285635, -6.340763], [106.285137, -6.34088], [106.284662, -6.340939], [106.284316, -6.340949], [106.28335, -6.340933], [106.281571, -6.340921], [106.280673, -6.341009], [106.279772, -6.3412], [106.27662, -6.342062], [106.275609, -6.342315], [106.274926, -6.342428], [106.274563, -6.342461], [106.274134, -6.342466], [106.271247, -6.342461], [106.270932, -6.342493], [106.270652, -6.342552], [106.270306, -6.342658], [106.269932, -6.342829], [106.269494, -6.343128], [106.269054, -6.343556], [106.268746, -6.344093], [106.268592, -6.344538], [106.268527, -6.34491], [106.268515, -6.345261], [106.268541, -6.345573], [106.268665, -6.346395], [106.268699, -6.346676], [106.268709, -6.347052], [106.268683, -6.347378], [106.268644, -6.347633], [106.26857, -6.347933], [106.268501, -6.34815], [106.268373, -6.348447], [106.268194, -6.348793], [106.267895, -6.349208], [106.267733, -6.34939], [106.267305, -6.349775], [106.266992, -6.349984], [106.266687, -6.350162], [106.266053, -6.350465], [106.265921, -6.350529], [106.26538, -6.350787], [106.261216, -6.352746], [106.261038, -6.35283], [106.260488, -6.353097], [106.260256, -6.353198], [106.260026, -6.353285], [106.259746, -6.353377], [106.259442, -6.353466], [106.259149, -6.353527], [106.258804, -6.353582], [106.258512, -6.353605], [106.258234, -6.353612], [106.257956, -6.353607], [106.257675, -6.353587], [106.257364, -6.353551], [106.25701, -6.35349], [106.256167, -6.353311], [106.255959, -6.353265], [106.255314, -6.353119], [106.255117, -6.353086], [106.254813, -6.353047], [106.254684, -6.353035], [106.254285, -6.35304], [106.254035, -6.353032], [106.253802, -6.353025], [106.253598, -6.353011], [106.25308, -6.352956], [106.251953, -6.35284], [106.250674, -6.35271]]}}, {"type": "Feature", "properties": {"lineId": "T", "color": "#8D5B2D", "mode": "commuter"}, "geometry": {"type": "LineString", "coordinates": [[106.80124, -6.156524], [106.801285, -6.157149], [106.801327, -6.157659], [106.801364, -6.158434], [106.801346, -6.158743], [106.801296, -6.159002], [106.801131, -6.15946], [106.800989, -6.159728], [106.800586, -6.160203], [106.800084, -6.160556], [106.799884, -6.160653], [106.799554, -6.160798], [106.798448, -6.161262], [106.798445, -6.161263], [106.797925, -6.161474], [106.797686, -6.161562], [106.796441, -6.162032], [106.796103, -6.162138], [106.795686, -6.162205], [106.795147, -6.162263], [106.794365, -6.162257], [106.790581, -6.162109], [106.790517, -6.162107], [106.790191, -6.162098], [106.789953, -6.162091], [106.789837, -6.162088], [106.789444, -6.162073], [106.787268, -6.161998], [106.786339, -6.161955], [106.784639, -6.16189], [106.781564, -6.161776], [106.776613, -6.161596], [106.776055, -6.161579], [106.773797, -6.161493], [106.773571, -6.161468], [106.771586, -6.161189], [106.769704, -6.1609], [106.769486, -6.160877], [106.769065, -6.160824], [106.768664, -6.160768], [106.768484, -6.160742], [106.767883, -6.160661], [106.76685, -6.160531], [106.766801, -6.160523], [106.766474, -6.160475], [106.763142, -6.159966], [106.762987, -6.159943], [106.761258, -6.159585], [106.75953, -6.159217], [106.759217, -6.159152], [106.758549, -6.159023], [106.757716, -6.158826], [106.75712, -6.158715], [106.756843, -6.158655], [106.756723, -6.158633], [106.755825, -6.158447], [106.754563, -6.158184], [106.753711, -6.157988], [106.753543, -6.157963], [106.752909, -6.157916], [106.752533, -6.1579], [106.752107, -6.157897], [106.748665, -6.158116], [106.748007, -6.158176], [106.747958, -6.158182], [106.747488, -6.158232], [106.747445, -6.158236], [106.745663, -6.158431], [106.743168, -6.158649], [106.740789, -6.158821], [106.739916, -6.158896], [106.739138, -6.159041], [106.738498, -6.159222], [106.737556, -6.159608], [106.737434, -6.159656], [106.737207, -6.15975], [106.736771, -6.159932], [106.736451, -6.160065], [106.736062, -6.160227], [106.735378, -6.160456], [106.73503, -6.160537], [106.734578, -6.160643], [106.733313, -6.160887], [106.731832, -6.16114], [106.731237, -6.161252], [106.727471, -6.161939], [106.726448, -6.162115], [106.725237, -6.16232], [106.72398, -6.162549], [106.72278, -6.162756], [106.721386, -6.162995], [106.720875, -6.163074], [106.720651, -6.16311], [106.71955, -6.163275], [106.714328, -6.164178], [106.710965, -6.164736], [106.704702, -6.16579], [106.702511, -6.166151], [106.699174, -6.1667], [106.695869, -6.167244], [106.692917, -6.16772], [106.685683, -6.168913], [106.680274, -6.16979], [106.679731, -6.169872], [106.67967, -6.169884], [106.676873, -6.17033], [106.671212, -6.171242], [106.669258, -6.171553], [106.668271, -6.171716], [106.667973, -6.171768], [106.667608, -6.17184], [106.667556, -6.171849], [106.667098, -6.171924], [106.666327, -6.172031], [106.663944, -6.172407], [106.663131, -6.172534], [106.662758, -6.17259], [106.66222, -6.172675], [106.659803, -6.17308], [106.657963, -6.173361], [106.656378, -6.173619], [106.653679, -6.174044], [106.652813, -6.174181], [106.65242, -6.174243], [106.651656, -6.174363], [106.649264, -6.174747], [106.647937, -6.174951], [106.647853, -6.174965], [106.645729, -6.1753], [106.64452, -6.175491], [106.644396, -6.175511], [106.642204, -6.17585], [106.642119, -6.175865], [106.638051, -6.176503], [106.63797, -6.176516], [106.637, -6.176674], [106.636873, -6.176695], [106.636009, -6.176821], [106.634982, -6.176924], [106.634674, -6.17695], [106.634006, -6.176949], [106.633646, -6.176941], [106.630717, -6.176814]]}}, {"type": "Feature", "properties": {"lineId": "TP", "color": "#EC008C", "mode": "commuter"}, "geometry": {"type": "LineString", "coordinates": [[106.816071, -6.137294], [106.816194, -6.137254], [106.816586, -6.137075], [106.816886, -6.136957], [106.817024, -6.136914], [106.818018, -6.136668], [106.818062, -6.136655], [106.818392, -6.136573], [106.818445, -6.136564], [106.818771, -6.136482], [106.818817, -6.136471], [106.819791, -6.136224], [106.820105, -6.136137], [106.820465, -6.136006], [106.82073, -6.135875], [106.821044, -6.135691], [106.821482, -6.135395], [106.822264, -6.134906], [106.822531, -6.134766], [106.822763, -6.134669], [106.823095, -6.134548], [106.825637, -6.133826], [106.826967, -6.133453], [106.82778, -6.133217], [106.828006, -6.133151], [106.828298, -6.133056], [106.828745, -6.132891], [106.828884, -6.13284], [106.829213, -6.132704], [106.830723, -6.13211], [106.83135, -6.131857], [106.832798, -6.131183], [106.834263, -6.130398], [106.835103, -6.130041], [106.835814, -6.129827], [106.836059, -6.129754], [106.838823, -6.129273], [106.838941, -6.129256], [106.842805, -6.128556], [106.843924, -6.12835], [106.844308, -6.128258], [106.844624, -6.128187], [106.844855, -6.128143], [106.846456, -6.127855], [106.847677, -6.127627], [106.848043, -6.127563], [106.848204, -6.127534], [106.848786, -6.127429], [106.849993, -6.12721], [106.850798, -6.127077], [106.851392, -6.126932], [106.851841, -6.126808], [106.852614, -6.126549], [106.853741, -6.126079], [106.853815, -6.126048], [106.854032, -6.125955], [106.854643, -6.125677], [106.85553, -6.12526], [106.857764, -6.124211], [106.857877, -6.124164], [106.858264, -6.124005], [106.86112, -6.122935], [106.861776, -6.122672], [106.862033, -6.122585], [106.862357, -6.122491], [106.863141, -6.122317], [106.863719, -6.122197], [106.863933, -6.122161], [106.866127, -6.121754], [106.866662, -6.121599], [106.86696, -6.121489], [106.867494, -6.121249], [106.867707, -6.121137], [106.868164, -6.12086], [106.868458, -6.120654], [106.868959, -6.120303], [106.869577, -6.119818], [106.870317, -6.119238], [106.872016, -6.117924], [106.873613, -6.116691], [106.874256, -6.116196], [106.874594, -6.115935], [106.874987, -6.115632], [106.875222, -6.115448], [106.875323, -6.115374], [106.876374, -6.114592], [106.876899, -6.114196], [106.877177, -6.11397], [106.877558, -6.11362], [106.877866, -6.113355], [106.87796, -6.113285], [106.878476, -6.112884], [106.879362, -6.1122], [106.88145, -6.110601]]}}, {"type": "Feature", "properties": {"lineId": "A", "color": "#6E6E73", "mode": "airport"}, "geometry": {"type": "LineString", "coordinates": [[106.849168, -6.209701], [106.849027, -6.209488], [106.848861, -6.209098], [106.848775, -6.208914], [106.848591, -6.208609], [106.848554, -6.208547], [106.848361, -6.20823], [106.84827, -6.208088], [106.84816, -6.207924], [106.848081, -6.207823], [106.847871, -6.207514], [106.847815, -6.207438], [106.847515, -6.207041], [106.847482, -6.206994], [106.847119, -6.206552], [106.846924, -6.206352], [106.846615, -6.206108], [106.846475, -6.206019], [106.846319, -6.205938], [106.846179, -6.205874], [106.846071, -6.20583], [106.84593, -6.20578], [106.845692, -6.205711], [106.845393, -6.205667], [106.845183, -6.20565], [106.844974, -6.20565], [106.844748, -6.205668], [106.844442, -6.205724], [106.844163, -6.205809], [106.843898, -6.20593], [106.843532, -6.206124], [106.843234, -6.206285], [106.843024, -6.206382], [106.842666, -6.206482], [106.842466, -6.206524], [106.842034, -6.20656], [106.841861, -6.206551], [106.84169, -6.206531], [106.841462, -6.206493], [106.841149, -6.206397], [106.838743, -6.205573], [106.83733, -6.205105], [106.83706, -6.205041], [106.834036, -6.204597], [106.830957, -6.204156], [106.830563, -6.20407], [106.82574, -6.202937], [106.825624, -6.20291], [106.824985, -6.20276], [106.824342, -6.202605], [106.823688, -6.20245], [106.823242, -6.202345], [106.823073, -6.202306], [106.822686, -6.202221], [106.822338, -6.202142], [106.818681, -6.201353], [106.817835, -6.201166], [106.815974, -6.200764], [106.815534, -6.200669], [106.81521, -6.200594], [106.813952, -6.200315], [106.813671, -6.200231], [106.813393, -6.200106], [106.813141, -6.199965], [106.812864, -6.199762], [106.81268, -6.199588], [106.81243, -6.199325], [106.812241, -6.199042], [106.812104, -6.198776], [106.811134, -6.196461], [106.810789, -6.195656], [106.810755, -6.195574], [106.810607, -6.195202], [106.810528, -6.194952], [106.810482, -6.194769], [106.810452, -6.194618], [106.810248, -6.193072], [106.81024, -6.192635], [106.810244, -6.192456], [106.810261, -6.192296], [106.810324, -6.191958], [106.810439, -6.191483], [106.810582, -6.190966], [106.810935, -6.189726], [106.810973, -6.189549], [106.811041, -6.18915], [106.81113, -6.188641], [106.811164, -6.188453], [106.81119, -6.18827], [106.81119, -6.188143], [106.811182, -6.187979], [106.811147, -6.187631], [106.811062, -6.186868], [106.811056, -6.186734], [106.811071, -6.186324], [106.811066, -6.186186], [106.811041, -6.185948], [106.811036, -6.185901], [106.810993, -6.185549], [106.810985, -6.18548], [106.810923, -6.184946], [106.810905, -6.184791], [106.810894, -6.184646], [106.810881, -6.184486], [106.810873, -6.184246], [106.810863, -6.184018], [106.810741, -6.18292], [106.810719, -6.182806], [106.810683, -6.182677], [106.810653, -6.18259], [106.810622, -6.182506], [106.810574, -6.182372], [106.810532, -6.182219], [106.81039, -6.180828], [106.81035, -6.180443], [106.810301, -6.180117], [106.810253, -6.179909], [106.810201, -6.179734], [106.810138, -6.179587], [106.810053, -6.179417], [106.809827, -6.179095], [106.809523, -6.178656], [106.806539, -6.174325], [106.805253, -6.172463], [106.803286, -6.169631], [106.802818, -6.168919], [106.802566, -6.168534], [106.802471, -6.168369], [106.802408, -6.168226], [106.802263, -6.167897], [106.802169, -6.167656], [106.802092, -6.167374], [106.802064, -6.167184], [106.802039, -6.166973], [106.802011, -6.166715], [106.801706, -6.161584], [106.801628, -6.160086], [106.801582, -6.159607], [106.801557, -6.159147], [106.801532, -6.158931], [106.801372, -6.157709], [106.801367, -6.15765], [106.801327, -6.157142], [106.801323, -6.157048], [106.801263, -6.156166], [106.801323, -6.157048], [106.801327, -6.157142], [106.801331, -6.157418], [106.801327, -6.157659], [106.801364, -6.158434], [106.801346, -6.158743], [106.801296, -6.159002], [106.801131, -6.15946], [106.800989, -6.159728], [106.800586, -6.160203], [106.800084, -6.160556], [106.799884, -6.160653], [106.799554, -6.160798], [106.798448, -6.161262], [106.798445, -6.161263], [106.797925, -6.161474], [106.797686, -6.161562], [106.796441, -6.162032], [106.796103, -6.162138], [106.795686, -6.162205], [106.795147, -6.162263], [106.794365, -6.162257], [106.790581, -6.162109], [106.790517, -6.162107], [106.790191, -6.162098], [106.789953, -6.162091], [106.789837, -6.162088], [106.789444, -6.162073], [106.787268, -6.161998], [106.786339, -6.161955], [106.784639, -6.16189], [106.781564, -6.161776], [106.776613, -6.161596], [106.776055, -6.161579], [106.773797, -6.161493], [106.773571, -6.161468], [106.771586, -6.161189], [106.769704, -6.1609], [106.769486, -6.160877], [106.769065, -6.160824], [106.768664, -6.160768], [106.768484, -6.160742], [106.767883, -6.160661], [106.76685, -6.160531], [106.766801, -6.160523], [106.766474, -6.160475], [106.763142, -6.159966], [106.762987, -6.159943], [106.761258, -6.159585], [106.75953, -6.159217], [106.759217, -6.159152], [106.758549, -6.159023], [106.757716, -6.158826], [106.75712, -6.158715], [106.756843, -6.158655], [106.756723, -6.158633], [106.755825, -6.158447], [106.754563, -6.158184], [106.753711, -6.157988], [106.753543, -6.157963], [106.752909, -6.157916], [106.752533, -6.1579], [106.752107, -6.157897], [106.748665, -6.158116], [106.748007, -6.158176], [106.747958, -6.158182], [106.747488, -6.158232], [106.747445, -6.158236], [106.745663, -6.158431], [106.743168, -6.158649], [106.740789, -6.158821], [106.739916, -6.158896], [106.739138, -6.159041], [106.738498, -6.159222], [106.737556, -6.159608], [106.737434, -6.159656], [106.737207, -6.15975], [106.736771, -6.159932], [106.736451, -6.160065], [106.736062, -6.160227], [106.735378, -6.160456], [106.73503, -6.160537], [106.734578, -6.160643], [106.733313, -6.160887], [106.731832, -6.16114], [106.731237, -6.161252], [106.727471, -6.161939], [106.726448, -6.162115], [106.725237, -6.16232], [106.725055, -6.162348], [106.724887, -6.162371], [106.724075, -6.162471], [106.723975, -6.162485], [106.722735, -6.162692], [106.721469, -6.162908], [106.720884, -6.163007], [106.720709, -6.163036], [106.720622, -6.16305], [106.720477, -6.163076], [106.720337, -6.163105], [106.71973, -6.163238], [106.71955, -6.163275], [106.714328, -6.164178], [106.710965, -6.164736], [106.704702, -6.16579], [106.702511, -6.166151], [106.699174, -6.1667], [106.695869, -6.167244], [106.692917, -6.16772], [106.685683, -6.168913], [106.680274, -6.16979], [106.679731, -6.169872], [106.67967, -6.169884], [106.676873, -6.17033], [106.671212, -6.171242], [106.669258, -6.171553], [106.668024, -6.17162], [106.667033, -6.171692], [106.665937, -6.171763], [106.665871, -6.171767], [106.665419, -6.17183], [106.665336, -6.171841], [106.665131, -6.171872], [106.664816, -6.171921], [106.664384, -6.171994], [106.659763, -6.172762], [106.658968, -6.172898], [106.658501, -6.172973], [106.657881, -6.173103], [106.656329, -6.173431], [106.655325, -6.17365], [106.654818, -6.17376], [106.65415, -6.173895], [106.653036, -6.174028], [106.652764, -6.174042], [106.652411, -6.174045], [106.652178, -6.174026], [106.651989, -6.174], [106.651752, -6.17395], [106.651618, -6.173911], [106.651281, -6.173798], [106.651015, -6.173674], [106.650771, -6.173535], [106.650569, -6.1734], [106.650429, -6.173293], [106.650369, -6.173235], [106.650255, -6.173121], [106.650053, -6.172914], [106.649875, -6.17273], [106.649823, -6.172672], [106.649582, -6.172324], [106.649416, -6.172032], [106.649332, -6.171822], [106.649304, -6.171756], [106.649247, -6.171569], [106.649163, -6.171169], [106.649146, -6.171036], [106.649126, -6.17072], [106.649122, -6.170525], [106.64915, -6.170088], [106.649194, -6.169824], [106.649269, -6.169541], [106.649334, -6.169328], [106.649438, -6.169101], [106.649617, -6.168781], [106.649748, -6.16857], [106.650007, -6.168234], [106.650279, -6.167944], [106.650429, -6.167793], [106.650608, -6.167604], [106.650897, -6.167324], [106.651211, -6.167016], [106.651634, -6.166617], [106.651837, -6.166433], [106.652086, -6.16622], [106.652517, -6.165834], [106.652799, -6.165579], [106.654238, -6.16423], [106.654955, -6.163541], [106.655089, -6.163413], [106.655205, -6.163301], [106.65702, -6.161623], [106.657418, -6.161243], [106.658526, -6.160184], [106.658599, -6.160114], [106.65962, -6.159154], [106.659894, -6.158831], [106.660172, -6.1584], [106.660319, -6.158112], [106.660404, -6.157876], [106.660461, -6.157627], [106.660496, -6.157297], [106.660498, -6.15695], [106.66031, -6.154942], [106.660278, -6.154603], [106.660216, -6.153937], [106.66014, -6.153013], [106.660125, -6.152547], [106.660154, -6.151745], [106.66025, -6.150097], [106.660263, -6.149537], [106.660247, -6.149233], [106.660214, -6.148883], [106.66012, -6.148332], [106.659995, -6.1479], [106.659864, -6.147513], [106.659661, -6.147095], [106.659508, -6.14678], [106.659239, -6.146401], [106.659098, -6.14622], [106.65865, -6.14571], [106.658267, -6.145358], [106.657798, -6.14503], [106.657474, -6.144847], [106.656987, -6.144605], [106.654743, -6.14356], [106.653799, -6.143097], [106.65342, -6.142942], [106.653048, -6.142812], [106.652698, -6.142735], [106.652367, -6.14267], [106.651945, -6.14262], [106.651175, -6.142621], [106.650818, -6.142659], [106.650448, -6.142721], [106.65004, -6.142821], [106.649482, -6.143016], [106.642087, -6.146014], [106.641655, -6.146206], [106.641239, -6.146446], [106.640912, -6.146658], [106.639122, -6.147953], [106.638824, -6.14813], [106.638562, -6.148255], [106.638185, -6.148409], [106.637868, -6.148498], [106.637476, -6.14856], [106.637044, -6.148588], [106.636699, -6.148589], [106.636286, -6.148529], [106.635919, -6.148442], [106.635762, -6.148391], [106.635605, -6.148338], [106.635455, -6.148274], [106.635305, -6.148196], [106.635097, -6.148075], [106.634962, -6.147988], [106.634582, -6.147718], [106.63432, -6.147476], [106.63403, -6.147152], [106.633793, -6.146834], [106.63361, -6.146538], [106.633473, -6.146265], [106.633357, -6.14597], [106.633285, -6.145735], [106.633255, -6.145635], [106.63319, -6.145299], [106.633163, -6.14492], [106.633164, -6.144584], [106.633213, -6.142398], [106.63327, -6.141329], [106.633354, -6.140225], [106.633528, -6.137615], [106.633572, -6.136965], [106.633634, -6.136494], [106.633724, -6.136163], [106.633848, -6.135891], [106.634008, -6.13562], [106.634355, -6.135148], [106.634636, -6.134805], [106.635011, -6.134468], [106.635167, -6.134326], [106.635405, -6.13416], [106.635709, -6.134006], [106.635971, -6.13388], [106.636688, -6.133597], [106.645232, -6.130216], [106.646249, -6.129794], [106.646696, -6.129614], [106.647087, -6.129456], [106.647567, -6.129262], [106.647889, -6.129135], [106.649551, -6.128471], [106.651044, -6.127881]]}}, {"type": "Feature", "properties": {"lineId": "TJ1", "color": "#D62126", "mode": "brt"}, "geometry": {"type": "LineString", "coordinates": [[106.80175, -6.243348], [106.802301, -6.243356], [106.802381, -6.243336], [106.802464, -6.243257], [106.802489, -6.243131], [106.80239, -6.242853], [106.802353, -6.242625], [106.8024, -6.2422], [106.8024, -6.24192], [106.80232, -6.24165], [106.80232, -6.24107], [106.80233, -6.24022], [106.80226, -6.24013], [106.80218, -6.24004], [106.80201, -6.23994], [106.80093, -6.23997], [106.79897, -6.23996], [106.79835, -6.23996], [106.79835, -6.23981], [106.79833, -6.23974], [106.79832, -6.23969], [106.79832, -6.23908], [106.79832, -6.23796], [106.79833, -6.23787], [106.79838, -6.2378], [106.79836, -6.23679], [106.79837, -6.23647], [106.79836, -6.23529], [106.79835, -6.23479], [106.79834, -6.23301], [106.79834, -6.23232], [106.79836, -6.23195], [106.7984, -6.2316], [106.79846, -6.23121], [106.79855, -6.2309], [106.79862, -6.23068], [106.79877, -6.23026], [106.79907, -6.22965], [106.79914, -6.22945], [106.79919, -6.22925], [106.79923, -6.22914], [106.79928, -6.22904], [106.79938, -6.22894], [106.79947, -6.22889], [106.79966, -6.22882], [106.79974, -6.22878], [106.80028, -6.2283], [106.80052, -6.22809], [106.80095, -6.22775], [106.80228, -6.22676], [106.80367, -6.22568], [106.80406, -6.22537], [106.80471, -6.2249], [106.8056, -6.22422], [106.8058, -6.22408], [106.8064, -6.22367], [106.80702, -6.22328], [106.80759, -6.22292], [106.80823, -6.22251], [106.80895, -6.22201], [106.80974, -6.22137], [106.8098, -6.22131], [106.81021, -6.22101], [106.81053, -6.22078], [106.81212, -6.21954], [106.81274, -6.21905], [106.81415, -6.21793], [106.81527, -6.21701], [106.81558, -6.21677], [106.81622, -6.21624], [106.81666, -6.21591], [106.81768, -6.2151], [106.81798, -6.21484], [106.81815, -6.21471], [106.81858, -6.2143], [106.81873, -6.21412], [106.81895, -6.21385], [106.81948, -6.21315], [106.81969, -6.21282], [106.81997, -6.21234], [106.82008, -6.21215], [106.8203, -6.2117], [106.82112, -6.21007], [106.82145, -6.2094], [106.82156, -6.20914], [106.82167, -6.20879], [106.82182, -6.20825], [106.82192, -6.20772], [106.82203, -6.2067], [106.82215, -6.20562], [106.82219, -6.2052], [106.82225, -6.20469], [106.82232, -6.20423], [106.8224, -6.20388], [106.82244, -6.20359], [106.82252, -6.20328], [106.82263, -6.2029], [106.82289, -6.20168], [106.823, -6.20112], [106.82304, -6.20082], [106.82307, -6.20057], [106.82308, -6.20012], [106.82307, -6.19994], [106.82308, -6.19969], [106.82305, -6.19902], [106.82303, -6.19746], [106.82301, -6.19674], [106.82299, -6.19592], [106.82297, -6.1957], [106.82295, -6.19564], [106.8227, -6.19538], [106.82261, -6.19528], [106.82254, -6.19516], [106.82251, -6.19503], [106.82252, -6.19489], [106.82256, -6.19476], [106.82259, -6.19471], [106.82264, -6.19464], [106.82284, -6.19442], [106.82292, -6.19432], [106.82294, -6.19426], [106.82294, -6.1936], [106.82293, -6.19317], [106.82293, -6.19229], [106.8229, -6.19088], [106.82286, -6.19042], [106.82286, -6.19012], [106.82286, -6.18896], [106.8229, -6.18804], [106.82294, -6.18704], [106.823, -6.18618], [106.82301, -6.18591], [106.82301, -6.18571], [106.82301, -6.18523], [106.82298, -6.18502], [106.82294, -6.18462], [106.82291, -6.18399], [106.8229, -6.18337], [106.82286, -6.18277], [106.82279, -6.18171], [106.82274, -6.18093], [106.82267, -6.18089], [106.82263, -6.18086], [106.82259, -6.1808], [106.82256, -6.18074], [106.82254, -6.18067], [106.82255, -6.1806], [106.82256, -6.18053], [106.82259, -6.18046], [106.82262, -6.1801], [106.82266, -6.17876], [106.82266, -6.17828], [106.82271, -6.17693], [106.82272, -6.17613], [106.82273, -6.17591], [106.82275, -6.17541], [106.82277, -6.17414], [106.82282, -6.1722], [106.82282, -6.17181], [106.8228, -6.17173], [106.82272, -6.17153], [106.82265, -6.17142], [106.82255, -6.17131], [106.82244, -6.17125], [106.82195, -6.17116], [106.82173, -6.1711], [106.82162, -6.17104], [106.82152, -6.17093], [106.82146, -6.17081], [106.82141, -6.1707], [106.82134, -6.17046], [106.82121, -6.16996], [106.82104, -6.16895], [106.82081, -6.16799], [106.82076, -6.16783], [106.82069, -6.16766], [106.82089, -6.16737], [106.82086, -6.16715], [106.82071, -6.16661], [106.82053, -6.16575], [106.82039, -6.16513], [106.82031, -6.16464], [106.82012, -6.16373], [106.81998, -6.16312], [106.8199, -6.16289], [106.81983, -6.16259], [106.8197, -6.16198], [106.81966, -6.16172], [106.8193, -6.16015], [106.81893, -6.15863], [106.81885, -6.15825], [106.81883, -6.1582], [106.81879, -6.15812], [106.81876, -6.15803], [106.81862, -6.15738], [106.81853, -6.15702], [106.8185, -6.15687], [106.81848, -6.15658], [106.81835, -6.15594], [106.81829, -6.15569], [106.81823, -6.15558], [106.81789, -6.15512], [106.81783, -6.15502], [106.81743, -6.15328], [106.8172, -6.15219], [106.81699, -6.15128], [106.81674, -6.15013], [106.81671, -6.15], [106.81669, -6.14984], [106.81656, -6.14933], [106.81614, -6.14767], [106.816, -6.14715], [106.816, -6.14709], [106.81602, -6.14703], [106.81605, -6.147], [106.81611, -6.14697], [106.8162, -6.14697], [106.8163, -6.14703], [106.81634, -6.14708], [106.81642, -6.14737], [106.81661, -6.1482], [106.81675, -6.14886], [106.81685, -6.14926], [106.81692, -6.14954], [106.81696, -6.14978], [106.81695, -6.14991], [106.81692, -6.14997], [106.81688, -6.15002], [106.81679, -6.15004], [106.81686, -6.15029], [106.81753, -6.15326], [106.81757, -6.15346], [106.8176, -6.15363], [106.8177, -6.15406], [106.81795, -6.15508], [106.81799, -6.15514], [106.81822, -6.15543], [106.81832, -6.15556], [106.81844, -6.15608], [106.81854, -6.15664], [106.818709, -6.157368], [106.81871, -6.15737], [106.81877, -6.15761], [106.81881, -6.15784], [106.81892, -6.15828], [106.819, -6.15858], [106.81951, -6.16069], [106.81983, -6.16208], [106.81997, -6.162749], [106.81997, -6.16275], [106.82029, -6.1642], [106.82034, -6.16446], [106.82039, -6.16477], [106.82064, -6.16598], [106.82087, -6.16698], [106.82093, -6.16725], [106.82094, -6.16732], [106.821, -6.16754], [106.82107, -6.16768], [106.82112, -6.16786], [106.82151, -6.16967], [106.82164, -6.17017], [106.82173, -6.17033], [106.82194, -6.1706], [106.82206, -6.17074], [106.82222, -6.17088], [106.82232, -6.17094], [106.8225, -6.17101], [106.82274, -6.17109], [106.82286, -6.17114], [106.82298, -6.17125], [106.82302, -6.17131], [106.8231, -6.17145], [106.82313, -6.17159], [106.82315, -6.17203], [106.8231, -6.1742], [106.82305, -6.17607], [106.82305, -6.17636], [106.82299, -6.17872], [106.82297, -6.17946], [106.82298, -6.17972], [106.823, -6.17987], [106.82308, -6.1802], [106.8231, -6.18042], [106.82315, -6.18048], [106.82317, -6.18055], [106.82318, -6.18062], [106.82318, -6.1807], [106.82316, -6.18077], [106.8231, -6.18085], [106.82305, -6.18089], [106.82305, -6.181], [106.82303, -6.18104], [106.82303, -6.18113], [106.82307, -6.18186], [106.82311, -6.18268], [106.82318, -6.18336], [106.82323, -6.184195], [106.82323, -6.1842], [106.82327, -6.18483], [106.82328, -6.18522], [106.82328, -6.18559], [106.82324, -6.18612], [106.8232, -6.18726], [106.82315, -6.18827], [106.82307, -6.1904], [106.82307, -6.19068], [106.82312, -6.19255], [106.82315, -6.19359], [106.82317, -6.19411], [106.82318, -6.19419], [106.82329, -6.1944], [106.82347, -6.19468], [106.82351, -6.19474], [106.82355, -6.19483], [106.82357, -6.19496], [106.82356, -6.19508], [106.82353, -6.19518], [106.82348, -6.19527], [106.82339, -6.19537], [106.8233, -6.19544], [106.82322, -6.19559], [106.82319, -6.19568], [106.82319, -6.19581], [106.8232, -6.1963], [106.82322, -6.19695], [106.82325, -6.19829], [106.82326, -6.19862], [106.82329, -6.19943], [106.82328, -6.20057], [106.82325, -6.20089], [106.82321, -6.20116], [106.82309, -6.20173], [106.82296, -6.20226], [106.82283, -6.20288], [106.82271, -6.20335], [106.82254, -6.2043], [106.82248, -6.20465], [106.82237, -6.20563], [106.82222, -6.20712], [106.82216, -6.20763], [106.82207, -6.20815], [106.822, -6.20849], [106.8219, -6.20881], [106.82183, -6.20903], [106.82164, -6.20954], [106.82155, -6.20974], [106.82109, -6.21066], [106.82075, -6.21133], [106.82039, -6.21204], [106.82012, -6.21255], [106.81991, -6.21291], [106.81974, -6.2132], [106.81945, -6.2136], [106.81902, -6.21412], [106.81875, -6.2144], [106.81823, -6.21489], [106.81787, -6.21523], [106.81638, -6.21641], [106.81531, -6.21725], [106.81395, -6.21833], [106.8127, -6.21931], [106.81222, -6.21968], [106.81035, -6.22118], [106.80898, -6.22227], [106.80856, -6.22256], [106.80769, -6.22312], [106.80733, -6.22335], [106.80676, -6.22371], [106.80657, -6.22384], [106.80623, -6.22407], [106.80582, -6.22437], [106.80551, -6.22459], [106.80506, -6.22494], [106.80463, -6.22526], [106.80418, -6.2256], [106.80313, -6.22639], [106.80125, -6.22781], [106.80098, -6.22803], [106.80035, -6.22854], [106.8, -6.22883], [106.79994, -6.22888], [106.79989, -6.22896], [106.79981, -6.22918], [106.7998, -6.22926], [106.79978, -6.22931], [106.79969, -6.22945], [106.7996, -6.22953], [106.79938, -6.2297], [106.7993, -6.22978], [106.79919, -6.22994], [106.79901, -6.23033], [106.79884, -6.23076], [106.79871, -6.23117], [106.79867, -6.2314], [106.7986, -6.23189], [106.79858, -6.23228], [106.79857, -6.23481], [106.79854, -6.23648], [106.79854, -6.23678], [106.79854, -6.2377], [106.79852, -6.2378], [106.79852, -6.2379], [106.79851, -6.23951], [106.79851, -6.23981], [106.79854, -6.23996], [106.79855, -6.24046], [106.79856, -6.24227], [106.79855, -6.24233], [106.798564, -6.242441], [106.798726, -6.242636], [106.799118, -6.243018], [106.799397, -6.24321], [106.799686, -6.2433], [106.799964, -6.243368], [106.801744, -6.243351]]}}, {"type": "Feature", "properties": {"lineId": "TJ2", "color": "#2F489C", "mode": "brt"}, "geometry": {"type": "LineString", "coordinates": [[106.909096, -6.183302], [106.909429, -6.18302], [106.909794, -6.182721], [106.909906, -6.182614], [106.90989, -6.182438], [106.909778, -6.182348], [106.909375, -6.182156], [106.908812, -6.181857], [106.908594, -6.181656], [106.90846, -6.18158], [106.90834, -6.18149], [106.90732, -6.18087], [106.90661, -6.18058], [106.90494, -6.17996], [106.904, -6.17956], [106.90159, -6.17862], [106.90102, -6.1785], [106.89943, -6.17837], [106.89894, -6.17832], [106.898461, -6.17829], [106.89755, -6.17824], [106.89698, -6.17825], [106.89668, -6.17823], [106.89654, -6.1782], [106.89621, -6.17808], [106.89602, -6.17793], [106.89402, -6.17601], [106.893, -6.17515], [106.89268, -6.17485], [106.892678, -6.174848], [106.89123, -6.1735], [106.891, -6.17332], [106.89043, -6.17294], [106.88966, -6.17245], [106.88895, -6.17206], [106.888624, -6.171862], [106.88862, -6.17186], [106.88242, -6.16803], [106.88071, -6.16705], [106.88013, -6.16676], [106.88, -6.16671], [106.87955, -6.1666], [106.87869, -6.16651], [106.87779, -6.16644], [106.87728, -6.16642], [106.87698, -6.16644], [106.87665, -6.16648], [106.875934, -6.166659], [106.87593, -6.16666], [106.87564, -6.16674], [106.87289, -6.16762], [106.87246, -6.16779], [106.87141, -6.16826], [106.870315, -6.168768], [106.870312, -6.168769], [106.87031, -6.16877], [106.86769, -6.16999], [106.866638, -6.170486], [106.86663, -6.17049], [106.8654, -6.17105], [106.862505, -6.172417], [106.8625, -6.17242], [106.86115, -6.173], [106.86047, -6.17332], [106.8602, -6.17343], [106.859, -6.17379], [106.858106, -6.173979], [106.8581, -6.17398], [106.85771, -6.17406], [106.85655, -6.17422], [106.85513, -6.17444], [106.85506, -6.17447], [106.854863, -6.17449], [106.85486, -6.17449], [106.85435, -6.17457], [106.85218, -6.17474], [106.85125, -6.1748], [106.85029, -6.17483], [106.84868, -6.17493], [106.84824, -6.17499], [106.84729, -6.17507], [106.84713, -6.17499], [106.84572, -6.17508], [106.84543, -6.17518], [106.84527, -6.17529], [106.84516, -6.17538], [106.84484, -6.17573], [106.84388, -6.17708], [106.84369, -6.17734], [106.84342, -6.17761], [106.843175, -6.177805], [106.842568, -6.178342], [106.842556, -6.178353], [106.84247, -6.178422], [106.842277, -6.178508], [106.842116, -6.178454], [106.841907, -6.178305], [106.841204, -6.177446], [106.840201, -6.176277], [106.840201, -6.176278], [106.838441, -6.174342], [106.838211, -6.174198], [106.836715, -6.175456], [106.83671, -6.17546], [106.83645, -6.1757], [106.83637, -6.17573], [106.83631, -6.17571], [106.83622, -6.17562], [106.83544, -6.17453], [106.83482, -6.17345], [106.834818, -6.173447], [106.83482, -6.17345], [106.83453, -6.17294], [106.834525, -6.172935], [106.83453, -6.17294], [106.83452, -6.17293], [106.83442, -6.17288], [106.83429, -6.17288], [106.83419, -6.17291], [106.83403, -6.173], [106.83319, -6.17403], [106.83273, -6.17464], [106.83267, -6.17477], [106.83265, -6.17491], [106.83266, -6.17564], [106.83259, -6.17591], [106.83246, -6.17604], [106.83233, -6.1761], [106.83127, -6.1763], [106.83118, -6.1763], [106.831, -6.17628], [106.83053, -6.17458], [106.830527, -6.174571], [106.83023, -6.17366], [106.83006, -6.17307], [106.83004, -6.17296], [106.83006, -6.17288], [106.83011, -6.17281], [106.83018, -6.17275], [106.83098, -6.17236], [106.830982, -6.172359], [106.83098, -6.17236], [106.83187, -6.17193], [106.83319, -6.17122], [106.83333, -6.17109], [106.83338, -6.17102], [106.8334, -6.17097], [106.8334, -6.17091], [106.83338, -6.17084], [106.83265, -6.16938], [106.83215, -6.16832], [106.83164, -6.16808], [106.8313, -6.16808], [106.83097, -6.16812], [106.830818, -6.168168], [106.83081, -6.16816], [106.8303, -6.16828], [106.83011, -6.1683], [106.83001, -6.1683], [106.828145, -6.167951], [106.828144, -6.167951], [106.82814, -6.16795], [106.826916, -6.167671], [106.82691, -6.16767], [106.82658, -6.16759], [106.82582, -6.16744], [106.825379, -6.167398], [106.82537, -6.1674], [106.8247, -6.16743], [106.82389, -6.1675], [106.82296, -6.16761], [106.82195, -6.16768], [106.82141, -6.16766], [106.82131, -6.16773], [106.82125, -6.1678], [106.8212, -6.16789], [106.82115, -6.16801], [106.82163, -6.17018], [106.82193, -6.17061], [106.82206, -6.17074], [106.82222, -6.17088], [106.82232, -6.17095], [106.82286, -6.17114], [106.82298, -6.17125], [106.82302, -6.17131], [106.82309, -6.17146], [106.82312, -6.17159], [106.82315, -6.17203], [106.82304, -6.176255], [106.82304, -6.17626], [106.82298, -6.17868], [106.82296, -6.17938], [106.82298, -6.17973], [106.82299, -6.17987], [106.82309, -6.18029], [106.8231, -6.18043], [106.82317, -6.18056], [106.82317, -6.1807], [106.82315, -6.18077], [106.8231, -6.18085], [106.82305, -6.1809], [106.82291, -6.18096], [106.82282, -6.18096], [106.82274, -6.18094], [106.82263, -6.18086], [106.82255, -6.18074], [106.82254, -6.1806], [106.82259, -6.18047], [106.82261, -6.18011], [106.82266, -6.17828], [106.8227, -6.17693], [106.82271, -6.17625], [106.82271, -6.176243], [106.82271, -6.17625], [106.82271, -6.176243], [106.82274, -6.17542], [106.82276, -6.17415], [106.82281, -6.1722], [106.82281, -6.17182], [106.8228, -6.17174], [106.82271, -6.17154], [106.82264, -6.17142], [106.82254, -6.17131], [106.82243, -6.17125], [106.82194, -6.17117], [106.82173, -6.17111], [106.82161, -6.17104], [106.82152, -6.17094], [106.82145, -6.17082], [106.8214, -6.1707], [106.82134, -6.17047], [106.82121, -6.16996], [106.82104, -6.16896], [106.8208, -6.16799], [106.82069, -6.16766], [106.82093, -6.16733], [106.82103, -6.16729], [106.8212, -6.16725], [106.8217, -6.1673], [106.82244, -6.1673], [106.82362, -6.16714], [106.82512, -6.16703], [106.82559, -6.16701], [106.82626, -6.16713], [106.82822, -6.16752], [106.828226, -6.167521], [106.82822, -6.16752], [106.828226, -6.167521], [106.82901, -6.16768], [106.82998, -6.16795], [106.8303, -6.16799], [106.83065, -6.16799], [106.83089, -6.16795], [106.830894, -6.167949], [106.83168, -6.16775], [106.83176, -6.1677], [106.83204, -6.16745], [106.8345, -6.16611], [106.8346, -6.16609], [106.83468, -6.16611], [106.83496, -6.16625], [106.83519, -6.16676], [106.8357, -6.16799], [106.83578, -6.16824], [106.83576, -6.1683], [106.83566, -6.1684], [106.83458, -6.16896], [106.8332, -6.16964], [106.83305, -6.16981], [106.83304, -6.16987], [106.83305, -6.17], [106.83354, -6.17102], [106.83363, -6.17123], [106.83365, -6.17135], [106.8341, -6.1723], [106.83414, -6.17242], [106.83414, -6.17268], [106.83407, -6.17297], [106.834, -6.17309], [106.83369, -6.17342], [106.83319, -6.17403], [106.83273, -6.17464], [106.83267, -6.17477], [106.83265, -6.17491], [106.83265, -6.17566], [106.83264, -6.17579], [106.83259, -6.17591], [106.8326, -6.17603], [106.83259, -6.17611], [106.83255, -6.17617], [106.83245, -6.17625], [106.83206, -6.17634], [106.83139, -6.17645], [106.8313, -6.17653], [106.83125, -6.17662], [106.83123, -6.17669], [106.83124, -6.17683], [106.83176, -6.17844], [106.83198, -6.17919], [106.83252, -6.18083], [106.83293, -6.18174], [106.83317, -6.18215], [106.83324, -6.18225], [106.83347, -6.18246], [106.83362, -6.18256], [106.83385, -6.18261], [106.83429, -6.18252], [106.83636, -6.18175], [106.83681, -6.18152], [106.83712, -6.18141], [106.83831, -6.18109], [106.838627, -6.180977], [106.83862, -6.18098], [106.8389, -6.18085], [106.83919, -6.18065], [106.83975, -6.18023], [106.84014, -6.17989], [106.84069, -6.17946], [106.84115, -6.17915], [106.8419, -6.17858], [106.84221, -6.17839], [106.84241, -6.17817], [106.842415, -6.178165], [106.84245, -6.17813], [106.84281, -6.17794], [106.84311, -6.17771], [106.84333, -6.17751], [106.84358, -6.17721], [106.8441, -6.17667], [106.84484, -6.17569], [106.84511, -6.1753], [106.84529, -6.17515], [106.84552, -6.17505], [106.84573, -6.17501], [106.84691, -6.17495], [106.8475, -6.17486], [106.849, -6.17474], [106.84945, -6.17478], [106.85328, -6.17449], [106.8543, -6.17439], [106.85483, -6.17431], [106.854841, -6.174308], [106.85552, -6.1742], [106.85762, -6.1739], [106.85807, -6.17382], [106.858073, -6.173819], [106.85848, -6.17373], [106.85941, -6.17351], [106.86009, -6.17328], [106.86073, -6.17302], [106.86241, -6.17224], [106.86241, -6.17223], [106.86496, -6.17104], [106.86526, -6.1709], [106.86655, -6.17031], [106.866552, -6.170304], [106.86961, -6.16888], [106.87024, -6.1686], [106.87114, -6.16818], [106.87274, -6.16747], [106.87551, -6.16663], [106.87588, -6.1665], [106.87589, -6.166497], [106.87629, -6.16638], [106.87663, -6.1663], [106.87706, -6.16626], [106.87761, -6.16625], [106.8781, -6.16626], [106.87892, -6.1663], [106.87995, -6.16654], [106.88054, -6.16676], [106.88131, -6.16714], [106.88199, -6.16749], [106.882539, -6.16784], [106.88254, -6.16784], [106.88357, -6.16848], [106.88448, -6.16903], [106.88481, -6.16926], [106.88579, -6.16988], [106.88744, -6.17085], [106.888751, -6.17164], [106.88875, -6.17164], [106.89105, -6.17303], [106.89142, -6.17331], [106.89156, -6.17343], [106.89227, -6.17414], [106.892848, -6.174658], [106.89285, -6.17466], [106.89333, -6.1751], [106.89408, -6.17584], [106.89449, -6.17617], [106.89477, -6.17642], [106.89521, -6.17686], [106.89624, -6.1778], [106.89645, -6.17795], [106.89663, -6.17803], [106.89684, -6.17806], [106.89749, -6.17806], [106.89847, -6.17809], [106.898473, -6.17809], [106.89937, -6.17814], [106.89955, -6.17818], [106.90082, -6.17829], [106.90124, -6.17836], [106.90152, -6.17844], [106.90178, -6.17852], [106.90371, -6.17928], [106.906543, -6.180348], [106.907567, -6.180806], [106.908542, -6.181345], [106.908627, -6.181392], [106.90873, -6.181585], [106.908811, -6.182017], [106.908754, -6.182419], [106.908606, -6.182532], [106.908695, -6.183037], [106.908752, -6.183357], [106.908844, -6.183466], [106.90908, -6.183333]]}}, {"type": "Feature", "properties": {"lineId": "TJ3", "color": "#FDCB1C", "mode": "brt"}, "geometry": {"type": "LineString", "coordinates": [[106.705458, -6.154433], [106.705441, -6.154235], [106.705474, -6.15415], [106.70564, -6.154075], [106.705908, -6.154086], [106.705973, -6.154177], [106.706021, -6.154667], [106.706058, -6.154843], [106.706289, -6.155035], [106.706429, -6.155446], [106.706514, -6.155681], [106.706589, -6.155718], [106.70659, -6.15573], [106.70689, -6.15568], [106.70703, -6.15568], [106.70877, -6.15581], [106.70896, -6.15581], [106.70971, -6.15567], [106.709717, -6.155669], [106.71044, -6.15555], [106.71064, -6.15553], [106.71102, -6.15552], [106.71294, -6.15555], [106.71369, -6.15554], [106.71391, -6.1555], [106.71415, -6.15539], [106.715217, -6.154716], [106.71521, -6.15472], [106.715217, -6.154716], [106.71617, -6.15418], [106.71735, -6.15361], [106.717355, -6.153608], [106.71853, -6.1531], [106.71886, -6.15301], [106.719271, -6.15294], [106.719281, -6.152938], [106.71978, -6.15286], [106.72077, -6.15278], [106.72134, -6.15277], [106.72209, -6.15282], [106.72229, -6.15285], [106.7226, -6.15292], [106.72366, -6.15325], [106.7244, -6.15347], [106.726207, -6.153842], [106.7262, -6.15384], [106.72796, -6.15421], [106.72941, -6.15455], [106.73033, -6.15475], [106.730334, -6.154751], [106.730335, -6.154751], [106.73071, -6.15483], [106.73097, -6.15485], [106.73183, -6.15488], [106.73238, -6.15485], [106.7346, -6.15451], [106.7381, -6.15451], [106.73899, -6.1545], [106.73959, -6.15452], [106.74204, -6.15467], [106.74274, -6.15474], [106.74345, -6.15483], [106.74408, -6.15494], [106.7451, -6.15503], [106.74625, -6.15509], [106.74769, -6.15522], [106.749476, -6.155441], [106.74947, -6.15544], [106.75124, -6.15563], [106.75227, -6.15579], [106.75389, -6.15596], [106.75417, -6.15599], [106.7545, -6.15605], [106.75515, -6.15624], [106.75558, -6.1564], [106.75744, -6.15701], [106.7579, -6.15714], [106.757905, -6.15714], [106.75793, -6.15706], [106.75847, -6.15725], [106.75972, -6.15764], [106.75984, -6.15768], [106.75991, -6.15773], [106.76118, -6.1582], [106.7615, -6.15831], [106.76182, -6.15838], [106.76198, -6.15841], [106.76214, -6.15842], [106.76247, -6.15842], [106.7635, -6.15839], [106.7641, -6.15838], [106.76458, -6.1583], [106.76473, -6.15827], [106.76508, -6.15817], [106.7664, -6.1576], [106.76662, -6.15753], [106.76679, -6.1575], [106.76691, -6.15751], [106.76709, -6.15754], [106.76718, -6.15757], [106.76735, -6.15766], [106.76768, -6.15786], [106.76833, -6.15831], [106.76852, -6.15846], [106.76867, -6.15861], [106.76882, -6.15881], [106.76887, -6.15889], [106.76892, -6.159], [106.76899, -6.15918], [106.76945, -6.16044], [106.76954, -6.16066], [106.76961, -6.16084], [106.76972, -6.161], [106.76981, -6.1611], [106.7699, -6.16119], [106.77005, -6.16129], [106.77026, -6.16139], [106.77072, -6.16156], [106.77183, -6.16201], [106.77209, -6.1621], [106.77222, -6.16212], [106.7727, -6.16231], [106.77343, -6.16259], [106.77429, -6.16294], [106.77471, -6.1631], [106.7751, -6.16325], [106.775101, -6.16325], [106.77725, -6.16409], [106.77781, -6.16431], [106.77808, -6.16441], [106.77878, -6.16469], [106.77918, -6.16482], [106.77929, -6.16485], [106.77949, -6.16485], [106.78095, -6.1648], [106.78122, -6.16483], [106.78167, -6.16492], [106.78218, -6.16504], [106.78287, -6.16518], [106.78358, -6.16533], [106.78457, -6.16552], [106.78487, -6.16558], [106.78498, -6.16562], [106.78524, -6.16574], [106.7855, -6.16589], [106.78573, -6.16604], [106.78597, -6.16618], [106.78622, -6.16629], [106.786489, -6.166392], [106.786582, -6.166423], [106.78658, -6.16642], [106.78734, -6.16659], [106.7881, -6.16671], [106.7887, -6.16677], [106.78937, -6.16673], [106.78975, -6.16669], [106.789753, -6.16669], [106.78975, -6.16669], [106.79168, -6.16652], [106.796797, -6.16617], [106.796799, -6.16617], [106.800327, -6.165932], [106.805027, -6.165964], [106.807457, -6.165814], [106.81015, -6.165585], [106.810686, -6.165537], [106.81066, -6.16554], [106.81081, -6.1677], [106.81087, -6.16827], [106.81105, -6.17036], [106.81111, -6.17091], [106.814801, -6.170252], [106.816972, -6.16991], [106.81697, -6.16991], [106.81735, -6.16985], [106.81824, -6.16965], [106.81876, -6.16952], [106.81905, -6.1694], [106.81921, -6.16929], [106.81938, -6.1691], [106.81969, -6.1687], [106.81983, -6.16855], [106.82047, -6.16792], [106.82069, -6.16766], [106.82093, -6.16733], [106.82103, -6.16729], [106.8212, -6.16725], [106.8217, -6.1673], [106.82244, -6.1673], [106.82362, -6.16714], [106.82512, -6.16703], [106.82559, -6.16701], [106.82626, -6.16713], [106.82822, -6.16752], [106.828226, -6.167521], [106.82822, -6.16752], [106.828226, -6.167521], [106.82901, -6.16768], [106.82998, -6.16795], [106.8303, -6.16799], [106.83065, -6.16799], [106.83089, -6.16795], [106.830894, -6.167949], [106.83089, -6.16795], [106.83168, -6.16775], [106.83178, -6.16781], [106.83183, -6.16789], [106.83182, -6.16793], [106.83178, -6.16799], [106.83167, -6.16805], [106.83159, -6.16808], [106.83116, -6.1681], [106.830952, -6.16814], [106.830951, -6.16814], [106.83095, -6.16815], [106.83017, -6.16831], [106.82998, -6.1683], [106.828147, -6.167931], [106.82814, -6.16793], [106.82708, -6.16769], [106.82582, -6.16744], [106.8254, -6.1674], [106.8247, -6.16743], [106.82389, -6.1675], [106.82296, -6.16761], [106.82195, -6.16768], [106.82127, -6.16766], [106.82106, -6.16769], [106.82089, -6.16775], [106.82075, -6.16784], [106.82065, -6.16793], [106.81995, -6.16862], [106.81975, -6.16886], [106.81948, -6.16924], [106.81935, -6.16938], [106.8192, -6.1695], [106.81898, -6.16962], [106.81874, -6.16969], [106.818, -6.16988], [106.817001, -6.17007], [106.817, -6.17007], [106.810831, -6.171126], [106.810823, -6.171041], [106.81054, -6.16771], [106.81043, -6.16657], [106.810429, -6.166563], [106.81036, -6.16576], [106.80736, -6.16597], [106.80571, -6.16606], [106.80453, -6.16612], [106.80438, -6.16608], [106.80427, -6.16607], [106.8025, -6.16607], [106.8008, -6.16605], [106.79989, -6.16606], [106.7985, -6.16619], [106.7984, -6.16623], [106.79831, -6.16628], [106.796813, -6.16639], [106.79681, -6.16639], [106.79391, -6.16657], [106.79094, -6.16682], [106.789671, -6.1669], [106.78967, -6.1669], [106.78922, -6.16693], [106.78875, -6.16694], [106.78801, -6.16689], [106.78756, -6.16684], [106.786601, -6.16666], [106.7866, -6.16668], [106.78639, -6.16662], [106.78615, -6.16654], [106.78595, -6.16643], [106.78581, -6.16634], [106.78554, -6.16613], [106.78524, -6.16593], [106.7851, -6.16587], [106.78476, -6.16575], [106.78361, -6.16552], [106.78203, -6.16517], [106.78113, -6.16499], [106.78086, -6.16495], [106.7802, -6.16499], [106.77948, -6.16503], [106.77926, -6.16501], [106.77898, -6.16494], [106.7788, -6.16487], [106.77804, -6.16457], [106.77676, -6.16408], [106.775201, -6.16346], [106.7752, -6.16346], [106.77377, -6.16291], [106.77327, -6.1627], [106.7728, -6.16252], [106.77238, -6.16235], [106.77218, -6.16226], [106.77199, -6.1622], [106.77139, -6.16199], [106.77032, -6.16155], [106.77012, -6.16146], [106.7699, -6.16134], [106.76972, -6.16122], [106.76966, -6.16115], [106.76954, -6.16099], [106.76944, -6.16079], [106.76931, -6.1605], [106.76907, -6.15982], [106.76899, -6.15956], [106.76875, -6.15896], [106.76871, -6.15888], [106.76855, -6.15864], [106.76832, -6.15845], [106.768, -6.15823], [106.76728, -6.15777], [106.76712, -6.15769], [106.76696, -6.15764], [106.76678, -6.15763], [106.76663, -6.15765], [106.76629, -6.15777], [106.76573, -6.15803], [106.76524, -6.15822], [106.76508, -6.15827], [106.76456, -6.15842], [106.76432, -6.15847], [106.76415, -6.15849], [106.76373, -6.15852], [106.76276, -6.15852], [106.76212, -6.15855], [106.76179, -6.1585], [106.7614, -6.1584], [106.76082, -6.15819], [106.7599, -6.15788], [106.75983, -6.15783], [106.75935, -6.1577], [106.757868, -6.157263], [106.75786, -6.15726], [106.75685, -6.15697], [106.75472, -6.15629], [106.7543, -6.15619], [106.75398, -6.15613], [106.75186, -6.1559], [106.75056, -6.15569], [106.749455, -6.155581], [106.74945, -6.15558], [106.74698, -6.15533], [106.74426, -6.1551], [106.74292, -6.1549], [106.74166, -6.1548], [106.73957, -6.15467], [106.738095, -6.15467], [106.73809, -6.15467], [106.73575, -6.15465], [106.73463, -6.15462], [106.73427, -6.15466], [106.73231, -6.15498], [106.73182, -6.15498], [106.73098, -6.15494], [106.73067, -6.15492], [106.730334, -6.154851], [106.73033, -6.15485], [106.72715, -6.1542], [106.72618, -6.15399], [106.72437, -6.15361], [106.72389, -6.15349], [106.72257, -6.15307], [106.7217, -6.15295], [106.72137, -6.15292], [106.72078, -6.15293], [106.71982, -6.15301], [106.71881, -6.15317], [106.71858, -6.15325], [106.71761, -6.15368], [106.71552, -6.15476], [106.715333, -6.154878], [106.71533, -6.15488], [106.71452, -6.15538], [106.71406, -6.15564], [106.71396, -6.15567], [106.71375, -6.15572], [106.7136, -6.15574], [106.71067, -6.15567], [106.71051, -6.15568], [106.7093, -6.15592], [106.70895, -6.15595], [106.70871, -6.15595], [106.7069, -6.15583], [106.70683, -6.15581], [106.70664, -6.15582], [106.70655, -6.15581], [106.70651, -6.1558], [106.70647, -6.15575], [106.70639, -6.15562], [106.70627, -6.15517], [106.70621, -6.15506], [106.70594, -6.1549], [106.70588, -6.15489], [106.705877, -6.15489], [106.70559, -6.1549], [106.70549, -6.15477], [106.70545, -6.15446]]}}, {"type": "Feature", "properties": {"lineId": "TJ4", "color": "#512C62", "mode": "brt"}, "geometry": {"type": "LineString", "coordinates": [[106.90844, -6.18308], [106.90852, -6.18351], [106.90857, -6.18359], [106.90865, -6.18367], [106.9087, -6.18375], [106.90864, -6.18386], [106.90832, -6.18417], [106.90795, -6.18451], [106.90686, -6.18543], [106.90676, -6.18551], [106.9066, -6.18568], [106.90615, -6.18618], [106.90602, -6.18635], [106.90593, -6.18648], [106.90589, -6.18655], [106.90584, -6.18669], [106.90583, -6.18677], [106.90585, -6.18694], [106.906, -6.18742], [106.90641, -6.18872], [106.90647, -6.18893], [106.9065, -6.18907], [106.90648, -6.18931], [106.9064, -6.18972], [106.90618, -6.1905], [106.90615, -6.19065], [106.90602, -6.19118], [106.90586, -6.19223], [106.90573, -6.19222], [106.90563, -6.19223], [106.9053, -6.19232], [106.90504, -6.19241], [106.90488, -6.19248], [106.90478, -6.19252], [106.90399, -6.193], [106.90363, -6.19321], [106.90316, -6.19346], [106.90291, -6.19354], [106.90276, -6.19358], [106.9024, -6.19361], [106.90185, -6.19362], [106.89989, -6.19361], [106.89909, -6.1936], [106.89882, -6.1936], [106.89787, -6.19361], [106.8951, -6.19358], [106.89392, -6.19357], [106.89311, -6.19359], [106.89161, -6.19358], [106.8899, -6.19357], [106.8883, -6.19356], [106.88706, -6.19355], [106.88598, -6.19353], [106.88516, -6.19348], [106.88366, -6.19335], [106.88205, -6.19319], [106.88032, -6.19302], [106.87796, -6.19278], [106.87723, -6.1927], [106.87629, -6.19259], [106.87552, -6.19249], [106.87499, -6.19243], [106.87463, -6.19238], [106.87454, -6.1924], [106.87442, -6.1924], [106.8732, -6.1922], [106.8731, -6.19212], [106.8724, -6.19205], [106.87197, -6.19202], [106.87124, -6.19205], [106.87015, -6.19215], [106.8686, -6.19231], [106.86627, -6.19254], [106.86549, -6.19263], [106.86488, -6.19275], [106.86459, -6.19281], [106.86443, -6.19285], [106.86403, -6.19296], [106.86322, -6.19325], [106.86281, -6.19343], [106.86239, -6.19362], [106.86171, -6.194], [106.86097, -6.1945], [106.86068, -6.1947], [106.85993, -6.19518], [106.85977, -6.19528], [106.85733, -6.19691], [106.85717, -6.19709], [106.85635, -6.19764], [106.85611, -6.19787], [106.85564, -6.19819], [106.85526, -6.19846], [106.85458, -6.199], [106.85425, -6.19926], [106.85415, -6.19923], [106.85412, -6.19919], [106.85412, -6.19916], [106.85413, -6.19909], [106.85416, -6.19904], [106.85442, -6.19882], [106.85517, -6.19825], [106.85553, -6.19799], [106.85563, -6.19791], [106.8557, -6.19782], [106.85626, -6.19748], [106.8564, -6.19742], [106.85687, -6.19711], [106.8576, -6.19662], [106.85812, -6.19629], [106.85938, -6.19544], [106.85979, -6.19515], [106.86011, -6.1949], [106.86087, -6.19438], [106.86121, -6.19416], [106.86128, -6.19408], [106.86148, -6.19394], [106.86167, -6.19387], [106.86228, -6.19352], [106.86282, -6.19326], [106.86328, -6.19307], [106.86409, -6.1928], [106.86429, -6.19274], [106.86456, -6.19267], [106.86484, -6.19261], [106.86518, -6.19254], [106.86546, -6.1925], [106.86644, -6.19238], [106.86858, -6.19216], [106.86968, -6.19205], [106.86974, -6.19198], [106.87133, -6.19183], [106.87185, -6.19181], [106.87237, -6.19182], [106.87283, -6.19186], [106.87327, -6.19192], [106.87383, -6.19199], [106.87443, -6.19206], [106.8745, -6.19208], [106.87459, -6.19215], [106.87485, -6.19217], [106.87636, -6.19239], [106.87741, -6.19252], [106.87895, -6.19267], [106.88034, -6.19282], [106.88171, -6.19295], [106.8825, -6.19304], [106.88368, -6.19316], [106.88413, -6.1932], [106.88554, -6.19331], [106.88619, -6.19334], [106.8883, -6.19336], [106.89027, -6.19336], [106.89125, -6.1934], [106.89169, -6.1934], [106.89311, -6.19342], [106.89454, -6.19341], [106.89706, -6.19344], [106.8991, -6.19344], [106.90187, -6.19345], [106.90237, -6.19345], [106.90271, -6.1934], [106.90293, -6.19334], [106.90313, -6.19327], [106.90361, -6.19301], [106.90471, -6.19238], [106.90482, -6.19233], [106.90516, -6.19216], [106.9054, -6.19202], [106.90567, -6.19181], [106.90576, -6.19171], [106.90581, -6.19161], [106.9059, -6.19116], [106.90604, -6.19063], [106.9061, -6.19049], [106.90633, -6.1897], [106.90638, -6.18946], [106.9064, -6.18931], [106.9064, -6.18926], [106.90636, -6.18899], [106.90633, -6.18887], [106.90599, -6.1878], [106.90587, -6.18745], [106.90579, -6.18719], [106.90574, -6.18701], [106.90571, -6.18686], [106.90572, -6.18668], [106.90576, -6.18654], [106.90579, -6.18647], [106.90589, -6.18632], [106.90613, -6.18603], [106.90664, -6.1855], [106.90743, -6.18484], [106.90773, -6.18461], [106.90789, -6.18446], [106.90859, -6.18382], [106.9087, -6.18375], [106.90881, -6.18364], [106.9098, -6.18282], [106.91001, -6.18263], [106.91001, -6.1825], [106.91, -6.18246], [106.90997, -6.18242], [106.90943, -6.18212], [106.90935, -6.18203], [106.90919, -6.18192], [106.90882, -6.18175], [106.90886, -6.18192], [106.90882, -6.18216], [106.90879, -6.1823], [106.90872, -6.18244], [106.90842, -6.18264], [106.90839, -6.18268], [106.90838, -6.18277], [106.90844, -6.18308], [106.90846, -6.1832]]}}, {"type": "Feature", "properties": {"lineId": "TJ5", "color": "#D46425", "mode": "brt"}, "geometry": {"type": "LineString", "coordinates": [[106.86665, -6.22461], [106.866364, -6.224359], [106.865965, -6.223138], [106.865353, -6.221122], [106.864526, -6.219219], [106.86427, -6.21856], [106.86422, -6.21831], [106.86404, -6.21669], [106.86399, -6.21644], [106.86392, -6.21629], [106.86375, -6.21607], [106.86354, -6.21585], [106.86293, -6.21533], [106.86286, -6.2154], [106.86224, -6.21484], [106.86194, -6.21449], [106.86149, -6.21369], [106.86107, -6.212899], [106.86107, -6.2129], [106.8606, -6.21192], [106.86057, -6.2119], [106.86006, -6.21077], [106.85919, -6.20858], [106.859187, -6.208572], [106.85803, -6.2057], [106.85705, -6.20314], [106.85689, -6.20279], [106.85667, -6.20246], [106.85647, -6.20221], [106.85532, -6.20105], [106.85435, -6.20007], [106.854261, -6.199986], [106.85385, -6.1996], [106.853112, -6.198929], [106.85198, -6.1979], [106.85141, -6.19735], [106.85124, -6.19712], [106.850949, -6.196839], [106.85095, -6.19684], [106.85068, -6.19657], [106.85032, -6.19616], [106.85014, -6.19592], [106.84989, -6.19552], [106.84962, -6.19502], [106.84922, -6.19418], [106.84883, -6.19341], [106.848829, -6.193408], [106.84821, -6.19223], [106.84775, -6.19144], [106.84683, -6.18971], [106.84587, -6.18804], [106.845867, -6.188035], [106.84559, -6.18755], [106.84537, -6.18721], [106.84462, -6.18586], [106.84393, -6.18468], [106.8432, -6.18352], [106.84305, -6.18321], [106.84296, -6.18295], [106.8428, -6.18224], [106.84267, -6.18153], [106.84198, -6.17816], [106.841979, -6.178156], [106.8415, -6.17575], [106.84129, -6.17489], [106.84116, -6.17458], [106.84062, -6.172461], [106.84062, -6.17246], [106.84059, -6.17233], [106.84037, -6.17233], [106.84033, -6.17236], [106.83938, -6.17341], [106.83901, -6.17379], [106.83872, -6.174], [106.83839, -6.1742], [106.8382, -6.17389], [106.83809, -6.1738], [106.837367, -6.172043], [106.83737, -6.17205], [106.8371, -6.1714], [106.83699, -6.17106], [106.83836, -6.17044], [106.83949, -6.16986], [106.83985, -6.16972], [106.84002, -6.16971], [106.8401, -6.16972], [106.84052, -6.17138], [106.84089, -6.17285], [106.84122, -6.17418], [106.84144, -6.17498], [106.84157, -6.17553], [106.84159, -6.17582], [106.842069, -6.178166], [106.84207, -6.17817], [106.84255, -6.1805], [106.84298, -6.18229], [106.84309, -6.18267], [106.84331, -6.18326], [106.84411, -6.18457], [106.844112, -6.184573], [106.8449, -6.18591], [106.846058, -6.187926], [106.84606, -6.18793], [106.84645, -6.18864], [106.84688, -6.18939], [106.84716, -6.18983], [106.84764, -6.19069], [106.84901, -6.19332], [106.84983, -6.19489], [106.85035, -6.19581], [106.85059, -6.19614], [106.851116, -6.196686], [106.85112, -6.19669], [106.85136, -6.19694], [106.85198, -6.1975], [106.85223, -6.19772], [106.853375, -6.198801], [106.85448, -6.19992], [106.854484, -6.199924], [106.85524, -6.2007], [106.85565, -6.20106], [106.85658, -6.20197], [106.85684, -6.20226], [106.85706, -6.2026], [106.857268, -6.203046], [106.85727, -6.20305], [106.85754, -6.20375], [106.85847, -6.20625], [106.859, -6.20752], [106.85939, -6.208499], [106.85939, -6.2085], [106.85986, -6.20966], [106.86037, -6.21097], [106.86092, -6.21215], [106.86125, -6.21281], [106.86132, -6.21294], [106.86147, -6.21317], [106.86164, -6.21331], [106.86195, -6.21352], [106.86234, -6.21369], [106.86288, -6.21385], [106.86613, -6.21533], [106.866407, -6.215756], [106.86641, -6.21576], [106.86697, -6.21674], [106.86705, -6.21691], [106.86771, -6.21876], [106.86763, -6.21881], [106.86785, -6.21948], [106.86802, -6.21996], [106.86807, -6.2201], [106.8681, -6.22025], [106.86808, -6.22091], [106.86804, -6.22124], [106.86803, -6.221448], [106.86803, -6.22145], [106.86803, -6.22146], [106.86803, -6.22173], [106.86804, -6.22238], [106.86799, -6.223168], [106.86799, -6.22317], [106.86794, -6.22335], [106.86774, -6.22375], [106.8675, -6.224303], [106.86744, -6.22444], [106.867398, -6.224516], [106.86706, -6.2246]]}}, {"type": "Feature", "properties": {"lineId": "TJ6", "color": "#1BAC47", "mode": "brt"}, "geometry": {"type": "LineString", "coordinates": [[106.818738, -6.305685], [106.818533, -6.305627], [106.818482, -6.30554], [106.818504, -6.305483], [106.818574, -6.305435], [106.818674, -6.305399], [106.818895, -6.305406], [106.819053, -6.305551], [106.819852, -6.305681], [106.820422, -6.305785], [106.820543, -6.305743], [106.82058, -6.305683], [106.82076, -6.30482], [106.82085, -6.30432], [106.82086, -6.30427], [106.82085, -6.3041], [106.8211, -6.30248], [106.82115, -6.30207], [106.82124, -6.30139], [106.82127, -6.30107], [106.82126, -6.30087], [106.82124, -6.30064], [106.82108, -6.29994], [106.82107, -6.29954], [106.82105, -6.2994], [106.82104, -6.29731], [106.82107, -6.29712], [106.8211, -6.29703], [106.82165, -6.29563], [106.82206, -6.29458], [106.822062, -6.294575], [106.82228, -6.29406], [106.82274, -6.29288], [106.82279, -6.29277], [106.8232, -6.2918], [106.82342, -6.29129], [106.823595, -6.29094], [106.82417, -6.28984], [106.8255, -6.28711], [106.82563, -6.28682], [106.8262, -6.2854], [106.826203, -6.285391], [106.8262, -6.2854], [106.826232, -6.285321], [106.82654, -6.28456], [106.82703, -6.28314], [106.82772, -6.28175], [106.82811, -6.28086], [106.82828, -6.28052], [106.82893, -6.27942], [106.82925, -6.27899], [106.82966, -6.27838], [106.829664, -6.278372], [106.82966, -6.27838], [106.829664, -6.278372], [106.82986, -6.27802], [106.82998, -6.27775], [106.83017, -6.27703], [106.8302, -6.2767], [106.83021, -6.27645], [106.83018, -6.27629], [106.83012, -6.27604], [106.83009, -6.27576], [106.83021, -6.27463], [106.83025, -6.27435], [106.830251, -6.274342], [106.83025, -6.27435], [106.83033, -6.27316], [106.83039, -6.27281], [106.83049, -6.27247], [106.83058, -6.27221], [106.83062, -6.27189], [106.83062, -6.27161], [106.83059, -6.2713], [106.83061, -6.27096], [106.83074, -6.26979], [106.83093, -6.26899], [106.83095, -6.26868], [106.83094, -6.26839], [106.83087, -6.26784], [106.83084, -6.26766], [106.83054, -6.26665], [106.83057, -6.26555], [106.83055, -6.26513], [106.83045, -6.26447], [106.83044, -6.26425], [106.83049, -6.26374], [106.83049, -6.26348], [106.83047, -6.26308], [106.8304, -6.26294], [106.8303, -6.26282], [106.82989, -6.26256], [106.829721, -6.26243], [106.82962, -6.26236], [106.82943, -6.26213], [106.82934, -6.26198], [106.82896, -6.26109], [106.82885, -6.26077], [106.82874, -6.26037], [106.82848, -6.25928], [106.828, -6.25699], [106.827999, -6.256987], [106.828, -6.25699], [106.827999, -6.256987], [106.82772, -6.2559], [106.82754, -6.25533], [106.82724, -6.25425], [106.82695, -6.25287], [106.82688, -6.25234], [106.82675, -6.25136], [106.8265, -6.25005], [106.82633, -6.2488], [106.82621, -6.24813], [106.82604, -6.24696], [106.82599, -6.24646], [106.82577, -6.24501], [106.82566, -6.24369], [106.82562, -6.24267], [106.82562, -6.242664], [106.82562, -6.24267], [106.82561, -6.24214], [106.82565, -6.24032], [106.82584, -6.23945], [106.82595, -6.23913], [106.82636, -6.23816], [106.82648, -6.23793], [106.82779, -6.23592], [106.82819, -6.23536], [106.82845, -6.2351], [106.82883, -6.2348], [106.82902, -6.23468], [106.829023, -6.234678], [106.82902, -6.23468], [106.829023, -6.234678], [106.82916, -6.2346], [106.83015, -6.23414], [106.83053, -6.23394], [106.83102, -6.2336], [106.83148, -6.23322], [106.83202, -6.23259], [106.832021, -6.232589], [106.83237, -6.23205], [106.83249, -6.23182], [106.83268, -6.23141], [106.83282, -6.23102], [106.83304, -6.23028], [106.83312, -6.22985], [106.83313, -6.22963], [106.83308, -6.22877], [106.833079, -6.228764], [106.833079, -6.22876], [106.83305, -6.22824], [106.83303, -6.22753], [106.83286, -6.22514], [106.83278, -6.22414], [106.83213, -6.22162], [106.832129, -6.221617], [106.83213, -6.22162], [106.832129, -6.221616], [106.83198, -6.22102], [106.83188, -6.22073], [106.83162, -6.22012], [106.83137, -6.21951], [106.8311, -6.21871], [106.83091, -6.21803], [106.83086, -6.21774], [106.83067, -6.21666], [106.830669, -6.216653], [106.83067, -6.21666], [106.83063, -6.2164], [106.8305, -6.21497], [106.8304, -6.21342], [106.830399, -6.213414], [106.830399, -6.213411], [106.83036, -6.21271], [106.83036, -6.21114], [106.83034, -6.21091], [106.83019, -6.20954], [106.83012, -6.20918], [106.82993, -6.20851], [106.82965, -6.20771], [106.82938, -6.20716], [106.82897, -6.20646], [106.82833, -6.20549], [106.82805, -6.20496], [106.82791, -6.20464], [106.82783, -6.20426], [106.82781, -6.204], [106.82781, -6.20363], [106.82788, -6.20256], [106.82786, -6.20249], [106.82786, -6.2023], [106.82782, -6.20216], [106.82777, -6.2021], [106.82772, -6.20205], [106.82761, -6.20202], [106.82745, -6.20203], [106.82738, -6.20209], [106.82732, -6.20218], [106.82728, -6.20236], [106.82741, -6.20252], [106.82749, -6.20266], [106.827542, -6.202816], [106.82759, -6.2028], [106.82764, -6.20302], [106.82769, -6.20312], [106.82777, -6.20323], [106.82798, -6.20327], [106.82902, -6.20354], [106.82994, -6.20378], [106.83013, -6.20307], [106.83037, -6.20261], [106.83055, -6.20237], [106.83138, -6.20138], [106.83121, -6.20122], [106.83102, -6.20119], [106.8306, -6.20113], [106.830598, -6.20113], [106.82822, -6.2008], [106.82814, -6.20079], [106.82813, -6.201], [106.82813, -6.2014], [106.8281, -6.20183], [106.82802, -6.20267], [106.82799, -6.20402], [106.82801, -6.20437], [106.82806, -6.20454], [106.82813, -6.20471], [106.82823, -6.2049], [106.82851, -6.20534], [106.8287, -6.20562], [106.82901, -6.20605], [106.82939, -6.20678], [106.8299, -6.20788], [106.83014, -6.20841], [106.83026, -6.20883], [106.830328, -6.209193], [106.83033, -6.2092], [106.83042, -6.20976], [106.83049, -6.21068], [106.83051, -6.21124], [106.8305, -6.21268], [106.83055, -6.213468], [106.83055, -6.21347], [106.83078, -6.21636], [106.83084, -6.216669], [106.830845, -6.216692], [106.83106, -6.21772], [106.83126, -6.21855], [106.83169, -6.2197], [106.83215, -6.22085], [106.8322, -6.22101], [106.832349, -6.221625], [106.83235, -6.22163], [106.8326, -6.22264], [106.8329, -6.22392], [106.83295, -6.22427], [106.833289, -6.228821], [106.83329, -6.22883], [106.83333, -6.22947], [106.8333, -6.22989], [106.83319, -6.23045], [106.83299, -6.23111], [106.83287, -6.23141], [106.83266, -6.23189], [106.83242, -6.23233], [106.832136, -6.232732], [106.83213, -6.23274], [106.83213, -6.23275], [106.83207, -6.23282], [106.8318, -6.23314], [106.83158, -6.23336], [106.83109, -6.23378], [106.83073, -6.23403], [106.83033, -6.23424], [106.82951, -6.23462], [106.82944, -6.2347], [106.829127, -6.234837], [106.829091, -6.234862], [106.82873, -6.23511], [106.82863, -6.23515], [106.82855, -6.23521], [106.82828, -6.23547], [106.82775, -6.23618], [106.82697, -6.23735], [106.82687, -6.23747], [106.82654, -6.23795], [106.82638, -6.23828], [106.82602, -6.23915], [106.82591, -6.23947], [106.82571, -6.24039], [106.82568, -6.24125], [106.82568, -6.24178], [106.8257, -6.2421], [106.82576, -6.24232], [106.82576, -6.242737], [106.82576, -6.24274], [106.8258, -6.24363], [106.82593, -6.24501], [106.82611, -6.24633], [106.82629, -6.24775], [106.82633, -6.24802], [106.82646, -6.24869], [106.827039, -6.252316], [106.82704, -6.25232], [106.82712, -6.253], [106.82726, -6.25369], [106.82762, -6.25512], [106.82802, -6.25642], [106.828139, -6.256957], [106.82814, -6.25696], [106.82854, -6.25887], [106.82874, -6.25977], [106.82892, -6.26048], [106.82924, -6.26137], [106.82947, -6.26192], [106.82959, -6.26209], [106.8297, -6.26222], [106.829819, -6.262309], [106.82982, -6.26231], [106.83049, -6.2628], [106.83057, -6.2629], [106.83061, -6.26309], [106.83061, -6.26366], [106.83055, -6.26416], [106.83057, -6.26443], [106.83064, -6.26486], [106.83069, -6.26538], [106.83068, -6.26669], [106.83094, -6.26752], [106.83104, -6.2681], [106.8311, -6.26869], [106.83106, -6.26902], [106.83087, -6.26982], [106.83071, -6.27123], [106.83077, -6.27186], [106.8307, -6.27233], [106.83056, -6.27273], [106.83051, -6.2729], [106.83047, -6.27321], [106.830371, -6.274351], [106.83037, -6.27436], [106.83028, -6.27539], [106.83027, -6.27586], [106.83033, -6.2766], [106.83033, -6.27684], [106.83032, -6.277], [106.83021, -6.27758], [106.83015, -6.2778], [106.82996, -6.27819], [106.829815, -6.278451], [106.82981, -6.27846], [106.82952, -6.27891], [106.82905, -6.2795], [106.82857, -6.28031], [106.82828, -6.28091], [106.82793, -6.2817], [106.82742, -6.28262], [106.82709, -6.28337], [106.82666, -6.28465], [106.826372, -6.285366], [106.82637, -6.28537], [106.82565, -6.28718], [106.82545, -6.28759], [106.82464, -6.28918], [106.82451, -6.28947], [106.823734, -6.291002], [106.82373, -6.291], [106.82363, -6.2912], [106.82349, -6.2915], [106.82302, -6.29262], [106.82269, -6.29339], [106.822181, -6.294689], [106.82218, -6.29469], [106.82171, -6.29587], [106.82121, -6.29715], [106.8212, -6.29721], [106.82119, -6.29737], [106.8212, -6.29882], [106.82119, -6.29888], [106.82117, -6.29893], [106.82117, -6.29896], [106.82116, -6.29941], [106.82117, -6.29983], [106.82119, -6.30009], [106.82135, -6.30074], [106.82136, -6.30088], [106.82137, -6.30101], [106.82135, -6.30131], [106.82119, -6.30266], [106.82095, -6.30415], [106.820657, -6.305713], [106.820571, -6.305799], [106.820412, -6.305827], [106.819914, -6.305721], [106.81978, -6.305755], [106.819533, -6.305775], [106.818975, -6.305719]]}}, {"type": "Feature", "properties": {"lineId": "TJ7", "color": "#914900", "mode": "brt"}, "geometry": {"type": "LineString", "coordinates": [[106.882107, -6.309827], [106.881993, -6.309689], [106.8817, -6.30948], [106.881442, -6.308827], [106.880972, -6.307802], [106.880702, -6.307431], [106.88009, -6.306937], [106.880004, -6.306788], [106.878659, -6.307014], [106.87393, -6.308216], [106.87393, -6.30825], [106.87205, -6.30866], [106.87098, -6.30885], [106.87027, -6.3089], [106.87002, -6.3089], [106.86969, -6.30886], [106.86945, -6.30882], [106.86905, -6.30873], [106.8685, -6.30853], [106.86733, -6.30789], [106.86626, -6.30736], [106.86581, -6.30711], [106.86572, -6.30699], [106.8656, -6.30664], [106.865599, -6.306638], [106.865599, -6.306637], [106.8656, -6.30664], [106.86555, -6.30651], [106.86543, -6.30636], [106.86527, -6.30625], [106.86499, -6.3061], [106.86626, -6.30394], [106.86669, -6.30345], [106.86676, -6.30339], [106.86798, -6.30194], [106.867987, -6.301932], [106.86798, -6.30194], [106.86861, -6.30122], [106.86963, -6.29996], [106.87021, -6.29923], [106.87052, -6.29877], [106.87076, -6.29831], [106.87115, -6.29745], [106.8714, -6.29679], [106.87166, -6.29592], [106.87191, -6.29478], [106.872022, -6.29422], [106.87203, -6.29418], [106.872031, -6.294173], [106.87212, -6.2937], [106.87215, -6.29341], [106.87213, -6.29309], [106.87186, -6.29186], [106.87103, -6.28907], [106.87082, -6.2882], [106.8708, -6.28787], [106.8708, -6.28744], [106.87087, -6.28618], [106.87118, -6.28503], [106.87147, -6.28382], [106.87167, -6.28306], [106.87195, -6.28229], [106.872, -6.28202], [106.87199, -6.28186], [106.87193, -6.28167], [106.87072, -6.27983], [106.8698, -6.27847], [106.86912, -6.27737], [106.86897, -6.27715], [106.86844, -6.27648], [106.86809, -6.27597], [106.8679, -6.27563], [106.86763, -6.27512], [106.86739, -6.27457], [106.86733, -6.27436], [106.8671, -6.27288], [106.8671, -6.27235], [106.86716, -6.27156], [106.86737, -6.27055], [106.8674, -6.27031], [106.86739, -6.27018], [106.86737, -6.27012], [106.86727, -6.26994], [106.866578, -6.268817], [106.866578, -6.268816], [106.86658, -6.26882], [106.86621, -6.2682], [106.86612, -6.26798], [106.86608, -6.26781], [106.86599, -6.26703], [106.86585, -6.26549], [106.8657, -6.26426], [106.86565, -6.26373], [106.86565, -6.26344], [106.86567, -6.26332], [106.8657, -6.26321], [106.86583, -6.26302], [106.86625, -6.26248], [106.866254, -6.262475], [106.866295, -6.262421], [106.86955, -6.25817], [106.869845, -6.257742], [106.86984, -6.25775], [106.869876, -6.257695], [106.86988, -6.25769], [106.87017, -6.25724], [106.8706, -6.25653], [106.87086, -6.25607], [106.87108, -6.25566], [106.87119, -6.25541], [106.87148, -6.25467], [106.87169, -6.25407], [106.87206, -6.25314], [106.87227, -6.25266], [106.87279, -6.25161], [106.87303, -6.25116], [106.8734, -6.25043], [106.8734, -6.250429], [106.87352, -6.25019], [106.87368, -6.24982], [106.87375, -6.24958], [106.87382, -6.2494], [106.87458, -6.24763], [106.87458, -6.24753], [106.87458, -6.24749], [106.87454, -6.2474], [106.87436, -6.24722], [106.874, -6.24698], [106.87387, -6.2469], [106.87356, -6.24674], [106.873274, -6.246622], [106.87327, -6.24662], [106.87268, -6.24642], [106.871073, -6.245951], [106.871071, -6.24595], [106.87107, -6.24595], [106.87056, -6.24579], [106.87012, -6.24556], [106.86993, -6.24551], [106.86875, -6.24509], [106.86836, -6.24493], [106.86823, -6.24492], [106.8683, -6.24482], [106.8687, -6.2436], [106.8687, -6.243599], [106.8687, -6.24361], [106.868703, -6.2436], [106.8691, -6.24223], [106.86919, -6.24164], [106.86921, -6.24123], [106.8692, -6.24075], [106.86915, -6.23968], [106.86911, -6.23932], [106.86887, -6.23805], [106.8687, -6.23738], [106.86865, -6.23726], [106.86792, -6.23565], [106.86787, -6.23548], [106.867869, -6.235478], [106.86751, -6.23433], [106.86746, -6.23397], [106.86734, -6.23294], [106.86723, -6.23166], [106.86716, -6.23041], [106.86715, -6.22973], [106.86715, -6.229727], [106.86714, -6.22891], [106.86715, -6.22832], [106.86711, -6.22777], [106.86709, -6.22693], [106.867045, -6.226625], [106.86702, -6.22646], [106.86687, -6.22579], [106.86649, -6.22496], [106.86644, -6.22483], [106.86654, -6.22476], [106.86679, -6.22471]]}}, {"type": "Feature", "properties": {"lineId": "TJ8", "color": "#DD3393", "mode": "brt"}, "geometry": {"type": "LineString", "coordinates": [[106.83481, -6.16617], [106.83497, -6.16625], [106.83514, -6.16659], [106.83578, -6.16815], [106.83578, -6.16824], [106.83576, -6.1683], [106.83567, -6.16839], [106.83458, -6.16895], [106.83321, -6.16964], [106.83302, -6.16972], [106.83292, -6.16972], [106.83285, -6.16968], [106.83278, -6.16962], [106.83218, -6.16837], [106.83208, -6.1683], [106.83159, -6.16807], [106.83117, -6.16809], [106.83095, -6.16814], [106.83018, -6.1683], [106.82998, -6.1683], [106.82815, -6.16792], [106.82708, -6.16769], [106.82582, -6.16744], [106.82541, -6.1674], [106.8247, -6.16743], [106.82389, -6.16749], [106.82297, -6.16761], [106.82196, -6.16768], [106.82127, -6.16766], [106.82107, -6.16768], [106.8209, -6.16775], [106.82076, -6.16783], [106.82068, -6.16794], [106.82001, -6.16863], [106.81951, -6.16926], [106.81937, -6.1694], [106.81912, -6.16958], [106.81875, -6.16971], [106.81801, -6.16988], [106.817, -6.17007], [106.81597, -6.17025], [106.8148, -6.17043], [106.81165, -6.171], [106.81113, -6.17109], [106.81084, -6.17112], [106.81014, -6.17124], [106.80861, -6.17152], [106.80837, -6.17163], [106.80764, -6.17204], [106.80577, -6.17335], [106.80442, -6.17434], [106.80285, -6.1752], [106.80257, -6.17537], [106.80144, -6.1762], [106.80041, -6.17694], [106.79967, -6.17745], [106.79933, -6.17771], [106.79826, -6.17841], [106.79761, -6.17876], [106.79719, -6.17901], [106.79602, -6.17964], [106.79568, -6.1798], [106.79527, -6.17893], [106.79498, -6.17848], [106.79466, -6.1779], [106.794, -6.17727], [106.79333, -6.17668], [106.79266, -6.17605], [106.79222, -6.17566], [106.79124, -6.1748], [106.79082, -6.17447], [106.78971, -6.17364], [106.7894, -6.17335], [106.78928, -6.1732], [106.78883, -6.17254], [106.78861, -6.17218], [106.78835, -6.1717], [106.78814, -6.17122], [106.7879, -6.17049], [106.78777, -6.17001], [106.78772, -6.16972], [106.78766, -6.16875], [106.78767, -6.16818], [106.78766, -6.16757], [106.78766, -6.16742], [106.78773, -6.16709], [106.78781, -6.16689], [106.78701, -6.16674], [106.7866, -6.16668], [106.78642, -6.16662], [106.78642, -6.16663], [106.78615, -6.16654], [106.78595, -6.16643], [106.78581, -6.16634], [106.78554, -6.16613], [106.78524, -6.16593], [106.7851, -6.16587], [106.78476, -6.16575], [106.78361, -6.16552], [106.78203, -6.16517], [106.78113, -6.16499], [106.78086, -6.16495], [106.7802, -6.16499], [106.77948, -6.16503], [106.77926, -6.16501], [106.77898, -6.16494], [106.77757, -6.16439], [106.77676, -6.16408], [106.775043, -6.163401], [106.77504, -6.1634], [106.77377, -6.16291], [106.77327, -6.1627], [106.7728, -6.16252], [106.77238, -6.16235], [106.77218, -6.16226], [106.77199, -6.1622], [106.77139, -6.16199], [106.77032, -6.16155], [106.77012, -6.16146], [106.7699, -6.16134], [106.76972, -6.16122], [106.76966, -6.16115], [106.76954, -6.16099], [106.76944, -6.16079], [106.76931, -6.1605], [106.76907, -6.15982], [106.76899, -6.15956], [106.76875, -6.15896], [106.76871, -6.15888], [106.76855, -6.15864], [106.76832, -6.15845], [106.768, -6.15823], [106.76728, -6.15777], [106.76712, -6.15769], [106.76696, -6.15764], [106.76678, -6.15763], [106.76663, -6.15765], [106.76629, -6.15777], [106.76573, -6.15803], [106.76524, -6.15822], [106.76508, -6.15827], [106.76456, -6.15842], [106.76432, -6.15847], [106.76401, -6.1585], [106.76373, -6.15852], [106.76312, -6.15852], [106.7631, -6.15861], [106.7631, -6.15899], [106.76308, -6.16001], [106.76311, -6.16149], [106.76313, -6.16214], [106.76314, -6.16306], [106.76312, -6.16382], [106.76312, -6.16443], [106.76312, -6.16466], [106.76318, -6.16518], [106.76326, -6.16563], [106.76337, -6.16622], [106.76357, -6.16689], [106.76378, -6.1674], [106.76432, -6.16833], [106.76481, -6.16928], [106.76502, -6.16979], [106.76537, -6.17095], [106.76577, -6.17302], [106.76595, -6.17449], [106.76639, -6.178], [106.76642, -6.17838], [106.76648, -6.17885], [106.76656, -6.17946], [106.76661, -6.17969], [106.7671, -6.18142], [106.76765, -6.18295], [106.76795, -6.18373], [106.76821, -6.18432], [106.76836, -6.18472], [106.76851, -6.18525], [106.7686, -6.18574], [106.76861, -6.18588], [106.76861, -6.18663], [106.76863, -6.18756], [106.76866, -6.18789], [106.76879, -6.18871], [106.76884, -6.18946], [106.76893, -6.1906], [106.76892, -6.19132], [106.76895, -6.19147], [106.76896, -6.19431], [106.76896, -6.19543], [106.76907, -6.19814], [106.76908, -6.19893], [106.7691, -6.19962], [106.76923, -6.20126], [106.76929, -6.20171], [106.76947, -6.20251], [106.76952, -6.20297], [106.76955, -6.20336], [106.76955, -6.20448], [106.76958, -6.2053], [106.76961, -6.20554], [106.7697, -6.20602], [106.77001, -6.20723], [106.77062, -6.20911], [106.77092, -6.20972], [106.77142, -6.21103], [106.77186, -6.21193], [106.77233, -6.21291], [106.77251, -6.21331], [106.77281, -6.21388], [106.77322, -6.21454], [106.77413, -6.21551], [106.77484, -6.21617], [106.77516, -6.2164], [106.77648, -6.2175], [106.77704, -6.21792], [106.77744, -6.21819], [106.77765, -6.21835], [106.77829, -6.2188], [106.77845, -6.21888], [106.77854, -6.21892], [106.78144, -6.22039], [106.7833, -6.22136], [106.7836, -6.22152], [106.78439, -6.22201], [106.78498, -6.22243], [106.78532, -6.2227], [106.78581, -6.22326], [106.78676, -6.22439], [106.78773, -6.22526], [106.78884, -6.22632], [106.79011, -6.22746], [106.79056, -6.22783], [106.79072, -6.22805], [106.79084, -6.2283], [106.79088, -6.2285], [106.79087, -6.2287], [106.79085, -6.22893], [106.79077, -6.22911], [106.79063, -6.22938], [106.7898, -6.23069], [106.78945, -6.23122], [106.7887, -6.23224], [106.78831, -6.23269], [106.78818, -6.23282], [106.78786, -6.23309], [106.78771, -6.2332], [106.78671, -6.23386], [106.78653, -6.234], [106.78623, -6.23422], [106.78559, -6.23473], [106.78494, -6.23535], [106.78463, -6.23571], [106.7844, -6.236], [106.78423, -6.23625], [106.78376, -6.23727], [106.78369, -6.23736], [106.78363, -6.23751], [106.7834, -6.23815], [106.78333, -6.23845], [106.78314, -6.23919], [106.78302, -6.23991], [106.7829, -6.24082], [106.78282, -6.24214], [106.7827, -6.24339], [106.78265, -6.24369], [106.78248, -6.24428], [106.78245, -6.24451], [106.78231, -6.2449], [106.78198, -6.24573], [106.78157, -6.24686], [106.78137, -6.24771], [106.78133, -6.24813], [106.78134, -6.24872], [106.78143, -6.24972], [106.78159, -6.25096], [106.78168, -6.25195], [106.78171, -6.25269], [106.78174, -6.25344], [106.78177, -6.257], [106.78183, -6.25943], [106.78186, -6.26013], [106.7819, -6.26041], [106.782, -6.26094], [106.78209, -6.2612], [106.78231, -6.26169], [106.7824, -6.26181], [106.78247, -6.26189], [106.78251, -6.26195], [106.78267, -6.26212], [106.783, -6.26237], [106.78326, -6.26263], [106.78342, -6.26284], [106.78351, -6.26302], [106.7836, -6.2633], [106.78365, -6.26401], [106.78368, -6.26541], [106.78376, -6.26577], [106.78376, -6.26658], [106.78374, -6.26723], [106.78373, -6.26777], [106.7836, -6.26777], [106.78355, -6.26758], [106.78355, -6.26722], [106.78352, -6.26573], [106.7835, -6.26543], [106.78344, -6.26341], [106.78341, -6.26326], [106.7833, -6.26299], [106.78313, -6.26274], [106.78292, -6.26252], [106.78257, -6.26223], [106.78233, -6.26198], [106.78219, -6.26176], [106.7821, -6.26162], [106.78199, -6.26134], [106.78185, -6.26088], [106.78175, -6.26046], [106.7817, -6.25959], [106.78162, -6.257], [106.78163, -6.25571], [106.78158, -6.25269], [106.78156, -6.25215], [106.78146, -6.25096], [106.7814, -6.25042], [106.78129, -6.24974], [106.7812, -6.2493], [106.78116, -6.24871], [106.78116, -6.24813], [106.78121, -6.2477], [106.78126, -6.24744], [106.78142, -6.24685], [106.78183, -6.24568], [106.78216, -6.24484], [106.78239, -6.24419], [106.78251, -6.2437], [106.78259, -6.24315], [106.78278, -6.24083], [106.78279, -6.24051], [106.78285, -6.23981], [106.783, -6.23878], [106.78304, -6.23863], [106.78318, -6.23834], [106.78364, -6.23729], [106.78373, -6.23698], [106.78412, -6.23615], [106.78434, -6.23581], [106.78449, -6.23561], [106.78482, -6.23523], [106.78517, -6.23489], [106.78594, -6.23426], [106.78643, -6.23388], [106.78681, -6.23362], [106.78764, -6.23308], [106.78808, -6.23271], [106.7883, -6.2325], [106.78897, -6.23163], [106.78968, -6.23063], [106.79015, -6.2299], [106.79037, -6.2295], [106.79052, -6.22926], [106.7906, -6.22909], [106.79066, -6.22876], [106.79065, -6.22859], [106.79062, -6.22842], [106.79047, -6.22806], [106.79033, -6.22788], [106.78674, -6.22461], [106.78661, -6.22448], [106.78538, -6.22301], [106.78517, -6.22281], [106.78468, -6.2224], [106.78432, -6.22214], [106.78322, -6.2215], [106.78279, -6.22126], [106.77951, -6.21955], [106.77826, -6.21895], [106.77781, -6.21866], [106.77755, -6.21847], [106.77704, -6.21809], [106.77652, -6.21773], [106.77621, -6.21749], [106.77431, -6.2159], [106.77381, -6.2154], [106.77313, -6.21465], [106.773, -6.21448], [106.77262, -6.21384], [106.77219, -6.21298], [106.77127, -6.21108], [106.77073, -6.20965], [106.77047, -6.20914], [106.77003, -6.20782], [106.76953, -6.20601], [106.76945, -6.20557], [106.76941, -6.20528], [106.76938, -6.20482], [106.76936, -6.20363], [106.76934, -6.20297], [106.76926, -6.20235], [106.76911, -6.20155], [106.76908, -6.20125], [106.76895, -6.19956], [106.76893, -6.19819], [106.76883, -6.19599], [106.76881, -6.19504], [106.76881, -6.19431], [106.7688, -6.19273], [106.76878, -6.19219], [106.76872, -6.19173], [106.76881, -6.19129], [106.76882, -6.19061], [106.76868, -6.18882], [106.76852, -6.18805], [106.76847, -6.18676], [106.76847, -6.18611], [106.76843, -6.18562], [106.76836, -6.18528], [106.7683, -6.18501], [106.76802, -6.18426], [106.76744, -6.18281], [106.76719, -6.18213], [106.7669, -6.18118], [106.76643, -6.17948], [106.76634, -6.17899], [106.76624, -6.17796], [106.76605, -6.17657], [106.7658, -6.1745], [106.76562, -6.17313], [106.76542, -6.17195], [106.76531, -6.17142], [106.76522, -6.17102], [106.76485, -6.16975], [106.76467, -6.16934], [106.76364, -6.16743], [106.76344, -6.16704], [106.7633, -6.16666], [106.76323, -6.16641], [106.7631, -6.16579], [106.763, -6.16495], [106.76296, -6.16443], [106.76295, -6.16399], [106.763, -6.16214], [106.76299, -6.16194], [106.76297, -6.16123], [106.76296, -6.16061], [106.76297, -6.16], [106.76301, -6.159], [106.76301, -6.1586], [106.76303, -6.15843], [106.76305, -6.15835], [106.76325, -6.15833], [106.76351, -6.15832], [106.76412, -6.15831], [106.76459, -6.15824], [106.76512, -6.15807], [106.76569, -6.15784], [106.76636, -6.15755], [106.76658, -6.15749], [106.76675, -6.15746], [106.767, -6.15748], [106.76725, -6.15756], [106.7674, -6.15763], [106.76797, -6.15801], [106.768092, -6.158086], [106.76809, -6.15809], [106.7684, -6.1583], [106.76853, -6.15841], [106.76865, -6.15852], [106.76878, -6.15867], [106.76894, -6.15892], [106.76904, -6.15914], [106.76926, -6.15976], [106.76937, -6.16003], [106.76955, -6.16056], [106.76962, -6.16073], [106.76966, -6.16082], [106.76973, -6.16095], [106.76983, -6.16107], [106.76987, -6.16112], [106.77014, -6.16128], [106.7703, -6.16135], [106.77207, -6.16204], [106.77222, -6.16212], [106.77234, -6.16217], [106.77343, -6.16259], [106.77429, -6.16294], [106.77471, -6.1631], [106.77526, -6.16331], [106.775264, -6.163312], [106.77878, -6.16469], [106.77918, -6.16482], [106.77929, -6.16485], [106.77949, -6.16485], [106.78095, -6.1648], [106.78122, -6.16483], [106.78167, -6.16492], [106.78218, -6.16504], [106.78287, -6.16518], [106.78358, -6.16533], [106.78457, -6.16552], [106.78487, -6.16558], [106.78498, -6.16562], [106.78524, -6.16574], [106.7855, -6.16589], [106.78573, -6.16604], [106.78597, -6.16618], [106.78622, -6.16629], [106.78649, -6.16639], [106.78672, -6.16646], [106.78788, -6.16671], [106.788552, -6.166768], [106.788595, -6.166858], [106.78854, -6.16702], [106.788526, -6.167377], [106.78846, -6.16736], [106.78836, -6.16792], [106.78834, -6.16842], [106.78836, -6.16906], [106.7884, -6.16938], [106.78855, -6.17018], [106.78894, -6.17126], [106.78917, -6.17172], [106.78942, -6.17212], [106.78977, -6.17253], [106.79019, -6.17297], [106.79197, -6.17478], [106.79212, -6.17486], [106.79266, -6.17532], [106.79312, -6.17576], [106.79404, -6.17666], [106.79497, -6.17752], [106.79538, -6.17798], [106.79588, -6.1786], [106.79625, -6.17925], [106.79751, -6.17867], [106.79765, -6.17863], [106.79808, -6.17839], [106.7987, -6.17801], [106.79988, -6.17719], [106.80035, -6.17684], [106.80105, -6.17636], [106.80263, -6.1752], [106.80293, -6.17502], [106.80324, -6.17487], [106.80427, -6.17431], [106.80678, -6.1725], [106.80747, -6.17202], [106.80793, -6.17175], [106.80866, -6.17136], [106.80882, -6.17131], [106.8101, -6.17107], [106.81082, -6.17094], [106.81131, -6.17088], [106.81475, -6.17026], [106.81697, -6.16991], [106.81736, -6.16984], [106.81825, -6.16966], [106.81889, -6.16949], [106.81906, -6.16941], [106.81924, -6.1693], [106.81941, -6.16911], [106.81985, -6.16855], [106.82048, -6.16792], [106.82069, -6.16766], [106.82089, -6.16737], [106.82094, -6.16732], [106.82103, -6.16728], [106.8212, -6.16725], [106.8217, -6.16729], [106.82244, -6.16729], [106.82362, -6.16714], [106.82512, -6.16702], [106.8256, -6.16701], [106.82627, -6.16712], [106.82823, -6.16751], [106.82901, -6.16768], [106.82999, -6.16794], [106.83031, -6.16798], [106.83066, -6.16799], [106.8309, -6.16795], [106.83168, -6.16774], [106.83176, -6.1677], [106.83204, -6.16744], [106.83316, -6.16683], [106.83381, -6.16646], [106.83451, -6.16611], [106.83461, -6.16609], [106.83468, -6.1661], [106.83481, -6.16617]]}}, {"type": "Feature", "properties": {"lineId": "TJ9", "color": "#45A49E", "mode": "brt"}, "geometry": {"type": "LineString", "coordinates": [[106.79125, -6.1157], [106.79411, -6.11564], [106.7942, -6.11568], [106.79423, -6.11571], [106.79424, -6.1158], [106.79408, -6.11753], [106.79407, -6.11761], [106.79404, -6.11766], [106.7939, -6.11769], [106.79213, -6.11772], [106.79215, -6.1186], [106.79221, -6.12221], [106.79223, -6.12463], [106.7922, -6.12562], [106.79217, -6.12578], [106.79219, -6.12629], [106.79261, -6.13014], [106.79271, -6.13152], [106.79279, -6.13231], [106.79286, -6.13337], [106.7929, -6.13407], [106.79288, -6.13424], [106.79295, -6.13571], [106.79308, -6.13725], [106.79321, -6.13846], [106.79359, -6.14328], [106.7937, -6.1445], [106.79375, -6.14485], [106.79385, -6.14525], [106.79426, -6.14777], [106.79437, -6.14854], [106.7944, -6.14879], [106.79443, -6.14924], [106.79453, -6.15003], [106.79463, -6.15104], [106.7948, -6.15139], [106.79503, -6.15192], [106.795031, -6.151922], [106.79529, -6.15253], [106.79531, -6.15265], [106.79529, -6.15278], [106.79517, -6.15294], [106.79504, -6.15307], [106.79462, -6.1534], [106.79413, -6.15382], [106.79387, -6.15418], [106.79192, -6.15856], [106.79154, -6.15945], [106.791038, -6.160453], [106.79104, -6.16045], [106.79094, -6.16068], [106.79093, -6.1608], [106.79094, -6.16105], [106.79089, -6.16138], [106.79084, -6.16154], [106.7904, -6.16248], [106.78997, -6.16353], [106.78974, -6.16395], [106.78894, -6.16576], [106.78854, -6.16702], [106.788441, -6.167457], [106.78844, -6.16746], [106.78836, -6.16792], [106.78834, -6.16842], [106.78836, -6.16906], [106.7884, -6.16938], [106.78855, -6.17018], [106.78894, -6.17126], [106.78917, -6.17172], [106.78942, -6.17212], [106.78977, -6.17253], [106.79019, -6.17297], [106.79197, -6.17478], [106.79212, -6.17486], [106.79266, -6.17532], [106.79312, -6.17576], [106.79404, -6.17666], [106.79497, -6.17752], [106.79538, -6.17798], [106.79588, -6.1786], [106.79629, -6.17931], [106.79655, -6.1798], [106.79668, -6.18015], [106.79686, -6.18071], [106.79691, -6.18121], [106.797, -6.18162], [106.79704, -6.18186], [106.79711, -6.18297], [106.79713, -6.18389], [106.79719, -6.1852], [106.79721, -6.18607], [106.79724, -6.18651], [106.79724, -6.18726], [106.79726, -6.18766], [106.79728, -6.18864], [106.79734, -6.18978], [106.79736, -6.19004], [106.79734, -6.19076], [106.79745, -6.19375], [106.79772, -6.1954], [106.79778, -6.19583], [106.79795, -6.19664], [106.79809, -6.19726], [106.79825, -6.19781], [106.79846, -6.19845], [106.79875, -6.19914], [106.79899, -6.19966], [106.79918, -6.20011], [106.80009, -6.20196], [106.80088, -6.20363], [106.80115, -6.20416], [106.80152, -6.20485], [106.80194, -6.20553], [106.80211, -6.20573], [106.80277, -6.20641], [106.80314, -6.20687], [106.80353, -6.20741], [106.80455, -6.20865], [106.80509, -6.20923], [106.80607, -6.21043], [106.8068, -6.2116], [106.80715, -6.21209], [106.80735, -6.21228], [106.80771, -6.21256], [106.80808, -6.21288], [106.80846, -6.21331], [106.80909, -6.21413], [106.80962, -6.21492], [106.81057, -6.21625], [106.81089, -6.21681], [106.81108, -6.2171], [106.8112, -6.2173], [106.81225, -6.21885], [106.81302, -6.21995], [106.81333, -6.2204], [106.81367, -6.22091], [106.81378, -6.22108], [106.81412, -6.22158], [106.81487, -6.22265], [106.815, -6.22281], [106.81525, -6.22308], [106.81574, -6.22376], [106.81634, -6.22477], [106.81672, -6.22533], [106.81688, -6.22558], [106.81707, -6.22587], [106.81733, -6.22621], [106.81748, -6.226451], [106.81749, -6.22645], [106.81765, -6.2267], [106.81784, -6.227], [106.81826, -6.22757], [106.8185, -6.22792], [106.81902, -6.22871], [106.81915, -6.22889], [106.81918, -6.22896], [106.81924, -6.22903], [106.81949, -6.22928], [106.81974, -6.22963], [106.82005, -6.23012], [106.82066, -6.23111], [106.821, -6.23164], [106.82133, -6.2321], [106.82169, -6.23254], [106.82207, -6.23297], [106.82243, -6.2333], [106.82279, -6.23357], [106.82356, -6.23408], [106.8243, -6.23461], [106.82468, -6.23486], [106.8248, -6.23497], [106.82618, -6.23589], [106.82703, -6.23646], [106.82731, -6.23662], [106.82803, -6.23709], [106.82964, -6.23809], [106.82996, -6.23824], [106.8311, -6.23894], [106.83195, -6.2395], [106.83237, -6.23975], [106.83249, -6.23982], [106.83291, -6.23999], [106.83379, -6.24029], [106.83529, -6.24074], [106.83581, -6.24087], [106.83731, -6.24128], [106.837865, -6.241429], [106.83787, -6.24143], [106.83927, -6.24179], [106.841, -6.24217], [106.84123, -6.24226], [106.84264, -6.24271], [106.84318, -6.24285], [106.843965, -6.243011], [106.84468, -6.24316], [106.84522, -6.24324], [106.84542, -6.24325], [106.84666, -6.24329], [106.84688, -6.24324], [106.84744, -6.24323], [106.84819, -6.24319], [106.84949, -6.24302], [106.85, -6.24299], [106.85122, -6.24298], [106.852077, -6.24296], [106.85208, -6.24296], [106.8526, -6.24298], [106.85378, -6.24297], [106.8557, -6.24297], [106.85755, -6.24296], [106.85814, -6.24294], [106.86026, -6.24288], [106.86076, -6.2429], [106.86109, -6.24293], [106.86269, -6.24293], [106.863529, -6.24291], [106.86353, -6.24291], [106.86383, -6.24292], [106.8643, -6.24297], [106.86493, -6.24309], [106.86539, -6.24322], [106.86708, -6.24375], [106.86765, -6.24397], [106.86907, -6.24436], [106.86947, -6.24455], [106.8697, -6.24468], [106.86985, -6.2448], [106.87005, -6.24502], [106.87051, -6.24547], [106.87062, -6.24555], [106.87078, -6.24565], [106.87098, -6.24572], [106.87122, -6.24579], [106.87175, -6.24594], [106.87229, -6.24606], [106.87307, -6.24621], [106.87385, -6.24639], [106.87428, -6.24654], [106.87448, -6.24663], [106.8747, -6.24675], [106.8749, -6.24688], [106.87496, -6.24701], [106.87501, -6.24727], [106.87502, -6.24742], [106.87496, -6.24761], [106.87476, -6.24805], [106.87423, -6.24933], [106.87379, -6.25024], [106.87372, -6.25037], [106.87367, -6.2504], [106.87364, -6.25046], [106.87344, -6.25089], [106.87268, -6.25233], [106.87217, -6.25358], [106.87195, -6.25417], [106.87169, -6.25407], [106.87203, -6.25314], [106.87224, -6.25264], [106.87257, -6.25194], [106.87302, -6.25114], [106.873459, -6.250312], [106.87346, -6.25031], [106.87352, -6.25019], [106.87368, -6.24982], [106.87375, -6.24958], [106.87382, -6.2494], [106.87459, -6.24761], [106.87455, -6.24743], [106.87449, -6.24732], [106.874, -6.24698], [106.87387, -6.24689], [106.87356, -6.24674], [106.87332, -6.24664], [106.87268, -6.24641], [106.87117, -6.24597], [106.87057, -6.24578], [106.87038, -6.2457], [106.87012, -6.24556], [106.86983, -6.24534], [106.86965, -6.24523], [106.86929, -6.24502], [106.86871, -6.24478], [106.86708, -6.24418], [106.86574, -6.24375], [106.86496, -6.24352], [106.86473, -6.24347], [106.86433, -6.2434], [106.86393, -6.24335], [106.863524, -6.24334], [106.86352, -6.24334], [106.86278, -6.24331], [106.86121, -6.24334], [106.86094, -6.24333], [106.86059, -6.24339], [106.86019, -6.24343], [106.85934, -6.24344], [106.8589, -6.24344], [106.85817, -6.24342], [106.858168, -6.24342], [106.85668, -6.24339], [106.85438, -6.24338], [106.85258, -6.24339], [106.85212, -6.24342], [106.85138, -6.24343], [106.84956, -6.24354], [106.84692, -6.24367], [106.84658, -6.24371], [106.84605, -6.24372], [106.84461, -6.24362], [106.84427, -6.24362], [106.84384, -6.24359], [106.843837, -6.24359], [106.84384, -6.24359], [106.84322, -6.24353], [106.84298, -6.24349], [106.84274, -6.24342], [106.84229, -6.24324], [106.84156, -6.24292], [106.84119, -6.24281], [106.8405, -6.24264], [106.83874, -6.24211], [106.83765, -6.24185], [106.837333, -6.241761], [106.83733, -6.24176], [106.83426, -6.24102], [106.83315, -6.24071], [106.83259, -6.24043], [106.83193, -6.24004], [106.83103, -6.23944], [106.83019, -6.2389], [106.82984, -6.23868], [106.82949, -6.23842], [106.82785, -6.23736], [106.827849, -6.23736], [106.82542, -6.23581], [106.82469, -6.23531], [106.82457, -6.23524], [106.82445, -6.23518], [106.82422, -6.23502], [106.82403, -6.23489], [106.82364, -6.23465], [106.82358, -6.23458], [106.82352, -6.23452], [106.82284, -6.23408], [106.82216, -6.23351], [106.822001, -6.233361], [106.82179, -6.23315], [106.8216, -6.2329], [106.82101, -6.23219], [106.82001, -6.23077], [106.81888, -6.2291], [106.817682, -6.227292], [106.81768, -6.22729], [106.81693, -6.22618], [106.81557, -6.22416], [106.81529, -6.22388], [106.81472, -6.22308], [106.81451, -6.22281], [106.81437, -6.22269], [106.81388, -6.22195], [106.8129, -6.22054], [106.81256, -6.22006], [106.81186, -6.21903], [106.81106, -6.21784], [106.81044, -6.21691], [106.81002, -6.21631], [106.80976, -6.21597], [106.8091, -6.21505], [106.8088, -6.21457], [106.80858, -6.21424], [106.808389, -6.213988], [106.80839, -6.21399], [106.80804, -6.21352], [106.80738, -6.21288], [106.80711, -6.21266], [106.80684, -6.2124], [106.80669, -6.21221], [106.80645, -6.21185], [106.8059, -6.21092], [106.80557, -6.21051], [106.80505, -6.20995], [106.80449, -6.20924], [106.80384, -6.2085], [106.80312, -6.20765], [106.80206, -6.20642], [106.80136, -6.20544], [106.80112, -6.205], [106.799652, -6.202064], [106.79965, -6.20206], [106.79946, -6.20167], [106.79905, -6.20095], [106.799, -6.20056], [106.79859, -6.19982], [106.79832, -6.19913], [106.79809, -6.19845], [106.79809, -6.19838], [106.79812, -6.19829], [106.7978, -6.19724], [106.79747, -6.19595], [106.79737, -6.19545], [106.79726, -6.19472], [106.79716, -6.19309], [106.79714, -6.19223], [106.79709, -6.19211], [106.79708, -6.19206], [106.79695, -6.19094], [106.79691, -6.19075], [106.79691, -6.18991], [106.79689, -6.18928], [106.79686, -6.18916], [106.7968, -6.18676], [106.79675, -6.18534], [106.79671, -6.18451], [106.79669, -6.18404], [106.79656, -6.182], [106.79652, -6.18176], [106.79645, -6.1815], [106.79642, -6.18128], [106.79636, -6.18109], [106.79622, -6.18072], [106.79597, -6.18029], [106.7958, -6.18005], [106.79527, -6.17893], [106.79498, -6.17848], [106.79466, -6.1779], [106.794, -6.17727], [106.79333, -6.17668], [106.79266, -6.17605], [106.79222, -6.17566], [106.79124, -6.1748], [106.79082, -6.17447], [106.78971, -6.17364], [106.7894, -6.17335], [106.78928, -6.1732], [106.78883, -6.17254], [106.78861, -6.17218], [106.78835, -6.1717], [106.78814, -6.17122], [106.7879, -6.17049], [106.78777, -6.17001], [106.78772, -6.16972], [106.78766, -6.16875], [106.78767, -6.16818], [106.78766, -6.16757], [106.78766, -6.16742], [106.78771, -6.16719], [106.787712, -6.167183], [106.78774, -6.16706], [106.78804, -6.16629], [106.78826, -6.16581], [106.78877, -6.16459], [106.7894, -6.16315], [106.78974, -6.16232], [106.79031, -6.16102], [106.79243, -6.15616], [106.79324, -6.15438], [106.79345, -6.154], [106.79354, -6.15391], [106.79424, -6.15348], [106.79504, -6.15289], [106.79509, -6.15282], [106.79512, -6.15274], [106.79511, -6.15265], [106.79507, -6.15253], [106.794821, -6.152023], [106.79482, -6.15202], [106.79444, -6.15132], [106.79439, -6.15115], [106.79419, -6.14929], [106.79395, -6.14754], [106.79373, -6.14622], [106.79367, -6.1458], [106.79345, -6.14328], [106.79335, -6.14185], [106.79308, -6.13846], [106.79294, -6.1371], [106.79284, -6.1357], [106.79277, -6.13505], [106.79268, -6.13457], [106.79265, -6.13447], [106.79257, -6.13339], [106.79244, -6.13169], [106.79229, -6.13001], [106.79208, -6.12786], [106.792, -6.12732], [106.79201, -6.12712], [106.79199, -6.12691], [106.79194, -6.12667], [106.79191, -6.12632], [106.79184, -6.12579], [106.79175, -6.12536], [106.79171, -6.12482], [106.79166, -6.12021], [106.79164, -6.11773], [106.78984, -6.11776], [106.78816, -6.11777], [106.7863, -6.1178], [106.7846, -6.1178], [106.78457, -6.11772], [106.78458, -6.11755], [106.78481, -6.11602], [106.78485, -6.11585], [106.78496, -6.1158], [106.78518, -6.11577], [106.78681, -6.11574], [106.79125, -6.1157]]}}, {"type": "Feature", "properties": {"lineId": "TJ10", "color": "#9b1f21", "mode": "brt"}, "geometry": {"type": "LineString", "coordinates": [[106.865635, -6.261864], [106.86563, -6.26187], [106.8653, -6.26186], [106.86515, -6.26187], [106.86499, -6.26191], [106.86464, -6.26204], [106.86447, -6.26212], [106.86478, -6.26262], [106.865, -6.26289], [106.86515, -6.26301], [106.86545, -6.26307], [106.86568, -6.26307], [106.86583, -6.26302], [106.86955, -6.25817], [106.869874, -6.257694], [106.86987, -6.2577], [106.869874, -6.257694], [106.86988, -6.25769], [106.87017, -6.25724], [106.8706, -6.25653], [106.87086, -6.25607], [106.87108, -6.25566], [106.87119, -6.25541], [106.87148, -6.25467], [106.87169, -6.25407], [106.87206, -6.25314], [106.87227, -6.25266], [106.87244, -6.25231], [106.87279, -6.25161], [106.87303, -6.25116], [106.87354, -6.25014], [106.873542, -6.250134], [106.87368, -6.24982], [106.87391, -6.24944], [106.87427, -6.24863], [106.8747, -6.24761], [106.87539, -6.24597], [106.875937, -6.244764], [106.87617, -6.2442], [106.87619, -6.2441], [106.87618, -6.24396], [106.87704, -6.24193], [106.87729, -6.24129], [106.8775, -6.24069], [106.8777, -6.23999], [106.87784, -6.23957], [106.87794, -6.23908], [106.877941, -6.239076], [106.87793, -6.23908], [106.87791, -6.23822], [106.8778, -6.23761], [106.87761, -6.23703], [106.87743, -6.23656], [106.87736, -6.23633], [106.87734, -6.23595], [106.87677, -6.23372], [106.87671, -6.23341], [106.87658, -6.23291], [106.87635, -6.23212], [106.87626, -6.2317], [106.876259, -6.231695], [106.87605, -6.23076], [106.87524, -6.22744], [106.87522, -6.22725], [106.87515, -6.22688], [106.87496, -6.22608], [106.8748, -6.22527], [106.87473, -6.22475], [106.87468, -6.22433], [106.87468, -6.22423], [106.87456, -6.22333], [106.87447, -6.22295], [106.87437, -6.22177], [106.87431, -6.2206], [106.87429, -6.220139], [106.87427, -6.21933], [106.8742, -6.21896], [106.87414, -6.21832], [106.873999, -6.215432], [106.87395, -6.21416], [106.8738, -6.21175], [106.8738, -6.2111], [106.87382, -6.21102], [106.87384, -6.21078], [106.87382, -6.20976], [106.87379, -6.20858], [106.87374, -6.20772], [106.87372, -6.20662], [106.8737, -6.20631], [106.87368, -6.20575], [106.87365, -6.20563], [106.87365, -6.20554], [106.8736, -6.20521], [106.87356, -6.20493], [106.87356, -6.20485], [106.87323, -6.20349], [106.87311, -6.20267], [106.87311, -6.20212], [106.87317, -6.20117], [106.87335, -6.19987], [106.87342, -6.19959], [106.873921, -6.197505], [106.87404, -6.19699], [106.87412, -6.19642], [106.87428, -6.19564], [106.87436, -6.19519], [106.87453, -6.19448], [106.874841, -6.192796], [106.87502, -6.19179], [106.8751, -6.19116], [106.87518, -6.19041], [106.87521, -6.1898], [106.87525, -6.18869], [106.87527, -6.18782], [106.87528, -6.187465], [106.87528, -6.18746], [106.87538, -6.18545], [106.87538, -6.18514], [106.87541, -6.18462], [106.87541, -6.1843], [106.87541, -6.18404], [106.87539, -6.18366], [106.87539, -6.18325], [106.87541, -6.18279], [106.87545, -6.18242], [106.8755, -6.18157], [106.87564, -6.17992], [106.87578, -6.17849], [106.87586, -6.17734], [106.875891, -6.176986], [106.87609, -6.1754], [106.87616, -6.17504], [106.876351, -6.174205], [106.87663, -6.17314], [106.87671, -6.17266], [106.87688, -6.17183], [106.87695, -6.17175], [106.87726, -6.17058], [106.87736, -6.17022], [106.87755, -6.16956], [106.87761, -6.1695], [106.87812, -6.16782], [106.87834, -6.16726], [106.87852, -6.16686], [106.878511, -6.166844], [106.879009, -6.165936], [106.87908, -6.16583], [106.8805, -6.16362], [106.88057, -6.16346], [106.88081, -6.16312], [106.88104, -6.1628], [106.88136, -6.16234], [106.881583, -6.161985], [106.88226, -6.16085], [106.88273, -6.1601], [106.88309, -6.15935], [106.88385, -6.15808], [106.8844, -6.15718], [106.88529, -6.15579], [106.88538, -6.15562], [106.88551, -6.15541], [106.88569, -6.15507], [106.88596, -6.15471], [106.88606, -6.15452], [106.88628, -6.15414], [106.88657, -6.15363], [106.8868, -6.15325], [106.88703, -6.15283], [106.88827, -6.15063], [106.88851, -6.15016], [106.88926, -6.1484], [106.88952, -6.14769], [106.88961, -6.14722], [106.88971, -6.1471], [106.88997, -6.1461], [106.89013, -6.14545], [106.89017, -6.14517], [106.89021, -6.14503], [106.89036, -6.14394], [106.89048, -6.143], [106.890511, -6.142826], [106.89051, -6.14283], [106.89056, -6.14256], [106.8906, -6.14243], [106.89064, -6.14224], [106.89075, -6.1418], [106.89075, -6.14173], [106.89093, -6.14097], [106.89109, -6.1403], [106.89168, -6.1377], [106.89195, -6.13658], [106.89199, -6.13637], [106.89201, -6.13566], [106.89201, -6.13547], [106.89196, -6.13494], [106.89192, -6.13436], [106.89197, -6.13382], [106.892, -6.13356], [106.89206, -6.13334], [106.89214, -6.1331], [106.89245, -6.13238], [106.89271, -6.13188], [106.89294, -6.13146], [106.89313, -6.13104], [106.89318, -6.1309], [106.89335, -6.13033], [106.89345, -6.12955], [106.89346, -6.12932], [106.89342, -6.12848], [106.89342, -6.128478], [106.89342, -6.12848], [106.8934, -6.1281], [106.89341, -6.12704], [106.89338, -6.12564], [106.89332, -6.12413], [106.89328, -6.12276], [106.89322, -6.1216], [106.8932, -6.12139], [106.89318, -6.12076], [106.8931, -6.11941], [106.89308, -6.11885], [106.89308, -6.118846], [106.89308, -6.11885], [106.89306, -6.11819], [106.89308, -6.11745], [106.89307, -6.11695], [106.89305, -6.11666], [106.89311, -6.11661], [106.89317, -6.11659], [106.8932, -6.11658], [106.89324, -6.11659], [106.89328, -6.11661], [106.89333, -6.11666], [106.89336, -6.11714], [106.89334, -6.11723], [106.89333, -6.11731], [106.89339, -6.118869], [106.89339, -6.11887], [106.89339, -6.11903], [106.89339, -6.11909], [106.89337, -6.11914], [106.8934, -6.11999], [106.89366, -6.12553], [106.89369, -6.12633], [106.89373, -6.12654], [106.89376, -6.12684], [106.89385, -6.12785], [106.893892, -6.128466], [106.89397, -6.1296], [106.89401, -6.13028], [106.89397, -6.13065], [106.89392, -6.13083], [106.89383, -6.13103], [106.89369, -6.13122], [106.89351, -6.13139], [106.89332, -6.13153], [106.89317, -6.1316], [106.89303, -6.13164], [106.89282, -6.13167], [106.89294, -6.13146], [106.89313, -6.13104], [106.89318, -6.1309], [106.89335, -6.13033], [106.89345, -6.12955], [106.89346, -6.12932], [106.89344, -6.12883], [106.89342, -6.12864], [106.8934, -6.1281], [106.89341, -6.12704], [106.89338, -6.12564], [106.89337, -6.12521], [106.89332, -6.12413], [106.89328, -6.12276], [106.89322, -6.1216], [106.8932, -6.12139], [106.89318, -6.12076], [106.8931, -6.11941], [106.89306, -6.11819], [106.89308, -6.11745], [106.89307, -6.11695], [106.89305, -6.11666], [106.89311, -6.11661], [106.89317, -6.11659], [106.8932, -6.11658], [106.89324, -6.11659], [106.89328, -6.11661], [106.89333, -6.11666], [106.89336, -6.11714], [106.8934, -6.11722], [106.89343, -6.11742], [106.89346, -6.11827], [106.89348, -6.11838], [106.89358, -6.11888], [106.89362, -6.11919], [106.89364, -6.11948], [106.89362, -6.12013], [106.8936, -6.12029], [106.89359, -6.12069], [106.89364, -6.12299], [106.89375, -6.12512], [106.89376, -6.12552], [106.89381, -6.12606], [106.89385, -6.12686], [106.89396, -6.12776], [106.89398, -6.12808], [106.894, -6.12826], [106.89401, -6.12846], [106.89402, -6.12859], [106.894, -6.12879], [106.89401, -6.12907], [106.894, -6.12933], [106.89394, -6.12964], [106.89389, -6.12995], [106.8937, -6.13084], [106.89362, -6.13115], [106.89327, -6.13237], [106.89311, -6.13308], [106.89301, -6.13365], [106.89297, -6.13426], [106.89292, -6.13459], [106.89287, -6.13493], [106.89246, -6.1367], [106.89215, -6.13792], [106.89167, -6.14011], [106.89108, -6.1426], [106.89099, -6.14294], [106.8908, -6.14371], [106.89047, -6.14523], [106.89033, -6.14571], [106.89016, -6.14642], [106.89003, -6.14706], [106.8898, -6.14789], [106.8898, -6.14806], [106.88973, -6.14833], [106.88932, -6.14929], [106.88901, -6.15], [106.8889, -6.15024], [106.88849, -6.15097], [106.88821, -6.15145], [106.88817, -6.15149], [106.88809, -6.15156], [106.88659, -6.15401], [106.88553, -6.15581], [106.88518, -6.15639], [106.88462, -6.15731], [106.88397, -6.15834], [106.88398, -6.15843], [106.88397, -6.15853], [106.88343, -6.15953], [106.88306, -6.16014], [106.88267, -6.1608], [106.88225, -6.16145], [106.88216, -6.1615], [106.88177, -6.16212], [106.88151, -6.16252], [106.88139, -6.16273], [106.88105, -6.16323], [106.88099, -6.16331], [106.88063, -6.16389], [106.88035, -6.1643], [106.87928, -6.16591], [106.87911, -6.16618], [106.87892, -6.16652], [106.87867, -6.16706], [106.8783, -6.16797], [106.87805, -6.16896], [106.87781, -6.16969], [106.87736, -6.17113], [106.87656, -6.17425], [106.87635, -6.17508], [106.87628, -6.17542], [106.87619, -6.17601], [106.8762, -6.17616], [106.87613, -6.17701], [106.87608, -6.17764], [106.87591, -6.18078], [106.87577, -6.18283], [106.87569, -6.18465], [106.87569, -6.18495], [106.87557, -6.18748], [106.87554, -6.18825], [106.87554, -6.18848], [106.87553, -6.18866], [106.87551, -6.18912], [106.87545, -6.19023], [106.87538, -6.19094], [106.87534, -6.19128], [106.87516, -6.19237], [106.87507, -6.19283], [106.87491, -6.1937], [106.87455, -6.19573], [106.87418, -6.19758], [106.87386, -6.19895], [106.8735, -6.20041], [106.8734, -6.20106], [106.87337, -6.20151], [106.87334, -6.20226], [106.87339, -6.20288], [106.87344, -6.20325], [106.87351, -6.20365], [106.87362, -6.20421], [106.87374, -6.20477], [106.87384, -6.20519], [106.87388, -6.20551], [106.87391, -6.20584], [106.87394, -6.20595], [106.87398, -6.20739], [106.87403, -6.20844], [106.87407, -6.20947], [106.87412, -6.21032], [106.87429, -6.21232], [106.87433, -6.21343], [106.8744, -6.21462], [106.87444, -6.21554], [106.87446, -6.21583], [106.8745, -6.21675], [106.87452, -6.21691], [106.87453, -6.2173], [106.87455, -6.21828], [106.87451, -6.21865], [106.8745, -6.21892], [106.87451, -6.21945], [106.87455, -6.22015], [106.87464, -6.22178], [106.87475, -6.22318], [106.8749, -6.22441], [106.87502, -6.22531], [106.8751, -6.22574], [106.87535, -6.22685], [106.87584, -6.22898], [106.87602, -6.22967], [106.87619, -6.2304], [106.87645, -6.23136], [106.87652, -6.23163], [106.87685, -6.23297], [106.87696, -6.23347], [106.87703, -6.23369], [106.87723, -6.2346], [106.87733, -6.23501], [106.87737, -6.23523], [106.87751, -6.23574], [106.87759, -6.23611], [106.87776, -6.23674], [106.87786, -6.23707], [106.8781, -6.23819], [106.87817, -6.23865], [106.87821, -6.239058], [106.87824, -6.23962], [106.87821, -6.23985], [106.87811, -6.24044], [106.87805, -6.24132], [106.87797, -6.24173], [106.87781, -6.24211], [106.87764, -6.24244], [106.87752, -6.24265], [106.87745, -6.24277], [106.87688, -6.24346], [106.87663, -6.24379], [106.87642, -6.2441], [106.8763, -6.24433], [106.87619, -6.24457], [106.87608, -6.24483], [106.87607, -6.24483], [106.87589, -6.24523], [106.87573, -6.24561], [106.87565, -6.24573], [106.87553, -6.24592], [106.87548, -6.24602], [106.87534, -6.24639], [106.87478, -6.24764], [106.87443, -6.24847], [106.87414, -6.24921], [106.87399, -6.24965], [106.87395, -6.24985], [106.87394, -6.24992], [106.87373, -6.25037], [106.873702, -6.250426], [106.8737, -6.25042], [106.87298, -6.25175], [106.87268, -6.25233], [106.87217, -6.25358], [106.87195, -6.25417], [106.87146, -6.2554], [106.87134, -6.25567], [106.87116, -6.25605], [106.87042, -6.25736], [106.87011, -6.25775], [106.870107, -6.257754], [106.86949, -6.25856], [106.86919, -6.25894], [106.86802, -6.26046], [106.86757, -6.26108], [106.86679, -6.26205], [106.86663, -6.26197], [106.86651, -6.26191], [106.86635, -6.26189], [106.8657, -6.26187]]}}, {"type": "Feature", "properties": {"lineId": "TJ11", "color": "#312F92", "mode": "brt"}, "geometry": {"type": "LineString", "coordinates": [[106.953235, -6.213295], [106.95324, -6.21331], [106.95293, -6.21342], [106.9528, -6.21345], [106.95274, -6.21319], [106.95271, -6.2131], [106.9527, -6.21301], [106.9527, -6.21291], [106.95273, -6.21275], [106.95271, -6.21267], [106.95268, -6.21263], [106.95254, -6.21252], [106.95251, -6.21249], [106.95275, -6.21242], [106.95299, -6.21231], [106.95321, -6.21222], [106.95324, -6.21204], [106.95322, -6.21198], [106.95321, -6.21194], [106.95311, -6.21177], [106.95306, -6.21174], [106.95299, -6.21166], [106.95322, -6.21154], [106.95331, -6.21148], [106.95336, -6.21142], [106.9534, -6.21136], [106.95345, -6.21123], [106.95345, -6.21115], [106.95345, -6.2109], [106.95342, -6.21085], [106.95333, -6.21077], [106.9529, -6.21091], [106.95285, -6.21092], [106.9528, -6.2109], [106.95278, -6.21088], [106.95247, -6.21033], [106.95241, -6.21029], [106.95234, -6.21027], [106.95221, -6.21025], [106.95205, -6.21033], [106.951051, -6.210918], [106.95104, -6.21089], [106.95099, -6.21091], [106.9511, -6.21112], [106.95115, -6.21126], [106.95119, -6.21142], [106.95127, -6.21158], [106.9514, -6.21172], [106.95146, -6.21181], [106.9519, -6.21267], [106.95212, -6.2132], [106.95234, -6.21407], [106.9525, -6.21465], [106.95266, -6.21527], [106.95279, -6.21594], [106.953, -6.21693], [106.95325, -6.21867], [106.95324, -6.21882], [106.95322, -6.21886], [106.95311, -6.21892], [106.95258, -6.21885], [106.95246, -6.21716], [106.95238, -6.21655], [106.95226, -6.21589], [106.95221, -6.21569], [106.95221, -6.21562], [106.95219, -6.21553], [106.95202, -6.2149], [106.95197, -6.21483], [106.95188, -6.21461], [106.95158, -6.21402], [106.95121, -6.21325], [106.95094, -6.21262], [106.950732, -6.212204], [106.95073, -6.2122], [106.95048, -6.21174], [106.95044, -6.2117], [106.95029, -6.21158], [106.9502, -6.21154], [106.95004, -6.21149], [106.94941, -6.2118], [106.94936, -6.21182], [106.94932, -6.21182], [106.94925, -6.21181], [106.94917, -6.21179], [106.94904, -6.21172], [106.94879, -6.21163], [106.94871, -6.21161], [106.94862, -6.21161], [106.948507, -6.211605], [106.948312, -6.211725], [106.94795, -6.21194], [106.94746, -6.21215], [106.94717, -6.2122], [106.94637, -6.21244], [106.94567, -6.2126], [106.945353, -6.21262], [106.945347, -6.21262], [106.94535, -6.21262], [106.94344, -6.21256], [106.94276, -6.21258], [106.94208, -6.21254], [106.94192, -6.21252], [106.9415, -6.21255], [106.94028, -6.21253], [106.94016, -6.21258], [106.93998, -6.21272], [106.93978, -6.21291], [106.93973, -6.21302], [106.93971, -6.21316], [106.93969, -6.21361], [106.939715, -6.214134], [106.939718, -6.214205], [106.93969, -6.21421], [106.93966, -6.21519], [106.93948, -6.21644], [106.93938, -6.21684], [106.9392, -6.21715], [106.938962, -6.217407], [106.93895, -6.21742], [106.93872, -6.21756], [106.93852, -6.21763], [106.93826, -6.21769], [106.93792, -6.21768], [106.93556, -6.21742], [106.93477, -6.21727], [106.93278, -6.21698], [106.930535, -6.216731], [106.924415, -6.215999], [106.92441, -6.21607], [106.92398, -6.21602], [106.92372, -6.21598], [106.92298, -6.21582], [106.917676, -6.215171], [106.91767, -6.21519], [106.91699, -6.21511], [106.91447, -6.21478], [106.911855, -6.214461], [106.91185, -6.21446], [106.91117, -6.21437], [106.91, -6.21422], [106.90837, -6.21402], [106.90715, -6.21386], [106.90706, -6.21387], [106.90595, -6.21375], [106.90568, -6.21375], [106.90547, -6.21371], [106.90508, -6.21369], [106.90413, -6.21368], [106.903085, -6.21365], [106.903084, -6.21365], [106.90308, -6.21365], [106.90167, -6.21367], [106.898644, -6.21356], [106.898643, -6.21356], [106.89864, -6.21356], [106.89589, -6.21346], [106.89273, -6.2134], [106.89214, -6.2134], [106.89166, -6.21341], [106.89076, -6.2135], [106.89004, -6.21366], [106.889904, -6.213709], [106.889906, -6.213708], [106.8899, -6.21371], [106.88846, -6.21413], [106.88792, -6.21427], [106.88769, -6.21437], [106.8874, -6.21443], [106.88669, -6.21446], [106.88478, -6.21458], [106.88443, -6.21459], [106.8823, -6.2147], [106.882297, -6.2147], [106.88229, -6.2147], [106.87822, -6.214949], [106.87821, -6.21495], [106.878188, -6.214952], [106.87677, -6.21505], [106.873556, -6.21522], [106.873553, -6.21522], [106.87355, -6.21522], [106.871925, -6.21527], [106.87192, -6.21527], [106.87123, -6.21531], [106.87098, -6.21534], [106.87041, -6.21546], [106.87029, -6.21547], [106.86991, -6.21543], [106.86964, -6.21544], [106.86938, -6.21549], [106.868035, -6.215639], [106.86803, -6.21564], [106.86803, -6.21565], [106.86703, -6.21573], [106.86686, -6.21572], [106.866691, -6.21568], [106.86669, -6.21568], [106.86652, -6.21564], [106.86645, -6.21566], [106.86642, -6.2157], [106.8664, -6.21575], [106.86673, -6.21633], [106.86702, -6.21689], [106.86768, -6.21877], [106.8681, -6.22003], [106.86816, -6.22024], [106.86814, -6.221452], [106.86814, -6.22146], [106.86814, -6.22147], [106.86812, -6.22276], [106.8681, -6.22306], [106.86806, -6.22327], [106.86759, -6.22428], [106.867555, -6.224333], [106.867378, -6.22454], [106.86706, -6.2246]]}}, {"type": "Feature", "properties": {"lineId": "TJ12", "color": "#7ABF7C", "mode": "brt"}, "geometry": {"type": "LineString", "coordinates": [[106.88893, -6.14962], [106.889756, -6.147118], [106.890349, -6.144659], [106.890489, -6.142905], [106.89049, -6.1429], [106.89056, -6.14256], [106.89054, -6.14245], [106.88977, -6.14224], [106.888412, -6.141821], [106.88841, -6.14182], [106.88708, -6.14143], [106.88571, -6.14098], [106.88257, -6.14005], [106.87917, -6.13898], [106.87767, -6.13852], [106.87701, -6.13832], [106.87633, -6.13811], [106.87447, -6.13757], [106.874, -6.13747], [106.87381, -6.13747], [106.87295, -6.13748], [106.87237, -6.1375], [106.87213, -6.13751], [106.8715, -6.13761], [106.870811, -6.13773], [106.87081, -6.13773], [106.86841, -6.13816], [106.8675, -6.13833], [106.86587, -6.13863], [106.86554, -6.13871], [106.86518, -6.13879], [106.865, -6.13883], [106.86231, -6.13934], [106.8608, -6.13959], [106.85923, -6.13988], [106.8574, -6.14021], [106.85694, -6.14032], [106.85698, -6.1406], [106.8571, -6.1412], [106.85748, -6.14325], [106.8577, -6.14449], [106.85806, -6.14642], [106.85814, -6.14685], [106.85839, -6.14828], [106.85849, -6.14886], [106.85844, -6.14888], [106.85841, -6.14891], [106.85819, -6.14935], [106.858, -6.14967], [106.8575, -6.15048], [106.85674, -6.15167], [106.85659, -6.15185], [106.85644, -6.15197], [106.85628, -6.15207], [106.85603, -6.15214], [106.8557, -6.15216], [106.85522, -6.15217], [106.85471, -6.15217], [106.85425, -6.15224], [106.85264, -6.15249], [106.85099, -6.15273], [106.84896, -6.15306], [106.8466, -6.15343], [106.84648, -6.15347], [106.84638, -6.15354], [106.84605, -6.15359], [106.84553, -6.15372], [106.84532, -6.15376], [106.84511, -6.15383], [106.84496, -6.1539], [106.84483, -6.15398], [106.84472, -6.15406], [106.84462, -6.15415], [106.84447, -6.15433], [106.84425, -6.15466], [106.84383, -6.15524], [106.84377, -6.15534], [106.84376, -6.15546], [106.84392, -6.15612], [106.84409, -6.15693], [106.84412, -6.15697], [106.84419, -6.15701], [106.84423, -6.15701], [106.8443, -6.15701], [106.84479, -6.1569], [106.84635, -6.15653], [106.8468, -6.15644], [106.847, -6.15644], [106.84748, -6.15634], [106.84753, -6.15635], [106.84756, -6.1564], [106.84756, -6.15643], [106.84754, -6.15648], [106.84748, -6.15653], [106.84701, -6.15663], [106.84689, -6.15668], [106.8463, -6.1568], [106.84587, -6.1569], [106.84397, -6.15739], [106.84385, -6.15739], [106.84303, -6.1576], [106.84295, -6.15758], [106.84272, -6.15763], [106.84078, -6.15816], [106.84024, -6.1583], [106.83881, -6.15874], [106.83755, -6.15916], [106.83751, -6.15919], [106.83722, -6.15934], [106.83478, -6.16031], [106.83472, -6.16031], [106.83468, -6.16029], [106.83466, -6.16024], [106.83466, -6.16022], [106.83468, -6.1602], [106.83717, -6.15917], [106.837171, -6.159169], [106.83729, -6.15912], [106.83506, -6.15028], [106.83475, -6.14917], [106.8346, -6.14873], [106.83446, -6.14826], [106.83426, -6.14749], [106.83421, -6.14721], [106.8342, -6.14693], [106.8342, -6.146718], [106.83423, -6.1458], [106.83422, -6.14557], [106.83418, -6.14535], [106.83376, -6.14346], [106.8337, -6.14314], [106.83362, -6.14281], [106.83338, -6.14177], [106.83296, -6.13985], [106.8327, -6.13871], [106.83241, -6.13739], [106.8323, -6.13683], [106.832, -6.13552], [106.83191, -6.13505], [106.83164, -6.13512], [106.83147, -6.13516], [106.83137, -6.13517], [106.8311, -6.13523], [106.83082, -6.13528], [106.83078, -6.13528], [106.83031, -6.13541], [106.83, -6.13548], [106.8297, -6.13555], [106.82903, -6.13567], [106.82854, -6.13581], [106.82811, -6.13593], [106.82708, -6.1361], [106.826, -6.13627], [106.82441, -6.13651], [106.82391, -6.13657], [106.82274, -6.13676], [106.82132, -6.13697], [106.82019, -6.13723], [106.81898, -6.13748], [106.81887, -6.1375], [106.8182, -6.13764], [106.81795, -6.13768], [106.81757, -6.13775], [106.81738, -6.13777], [106.81704, -6.13778], [106.81681, -6.13782], [106.81625, -6.13796], [106.81493, -6.1383], [106.813906, -6.13859], [106.81383, -6.138619], [106.813775, -6.138384], [106.81371, -6.13819], [106.81322, -6.13661], [106.81319, -6.13656], [106.81314, -6.13654], [106.81303, -6.13656], [106.81196, -6.13684], [106.81189, -6.13684], [106.81184, -6.13684], [106.81176, -6.13678], [106.81172, -6.13673], [106.81169, -6.13667], [106.81136, -6.13537], [106.81123, -6.13485], [106.81109, -6.13433], [106.81112, -6.13428], [106.81114, -6.13427], [106.81163, -6.13413], [106.81216, -6.13398], [106.812161, -6.13398], [106.81294, -6.13375], [106.81458, -6.13321], [106.81491, -6.13435], [106.81497, -6.13462], [106.81513, -6.13518], [106.8155, -6.13641], [106.81551, -6.1365], [106.81549, -6.13661], [106.81545, -6.1367], [106.81489, -6.13687], [106.81481, -6.13689], [106.81472, -6.13696], [106.81423, -6.13708], [106.81406, -6.13719], [106.81368, -6.13732], [106.81363, -6.13736], [106.81358, -6.13744], [106.81359, -6.13752], [106.81383, -6.1383], [106.8139, -6.13832], [106.81401, -6.13833], [106.81418, -6.13832], [106.81449, -6.13826], [106.81679, -6.13769], [106.81703, -6.13764], [106.81726, -6.13761], [106.81792, -6.1375], [106.81867, -6.13737], [106.81913, -6.13726], [106.82109, -6.13681], [106.82149, -6.13671], [106.82295, -6.1365], [106.82434, -6.13627], [106.82599, -6.13603], [106.82674, -6.13592], [106.82703, -6.13587], [106.82726, -6.13583], [106.82813, -6.13569], [106.82882, -6.13553], [106.82925, -6.1354], [106.82968, -6.13528], [106.83069, -6.13492], [106.83116, -6.13478], [106.83153, -6.1347], [106.83174, -6.13465], [106.83181, -6.13465], [106.83193, -6.13471], [106.83199, -6.13476], [106.83246, -6.1368], [106.83262, -6.1375], [106.833, -6.13921], [106.83333, -6.14063], [106.83355, -6.14165], [106.83359, -6.14186], [106.8338, -6.14289], [106.83436, -6.14534], [106.8344, -6.14556], [106.83442, -6.14582], [106.83441, -6.14625], [106.83439, -6.146687], [106.83439, -6.14669], [106.83439, -6.1469], [106.83439, -6.14707], [106.83441, -6.14723], [106.83445, -6.14743], [106.83469, -6.14838], [106.83493, -6.14921], [106.83509, -6.14982], [106.8352, -6.15025], [106.83534, -6.15078], [106.83614, -6.1539], [106.83712, -6.15778], [106.83744, -6.15904], [106.83748, -6.15902], [106.83752, -6.15903], [106.83763, -6.15902], [106.83777, -6.15898], [106.83878, -6.15864], [106.84076, -6.15806], [106.84278, -6.15751], [106.84312, -6.15738], [106.8433, -6.15733], [106.84342, -6.15723], [106.84369, -6.15716], [106.84384, -6.1571], [106.8439, -6.15705], [106.84396, -6.15697], [106.84396, -6.15693], [106.84372, -6.1559], [106.843719, -6.155898], [106.8436, -6.15546], [106.8436, -6.1554], [106.84362, -6.15532], [106.84365, -6.15526], [106.84396, -6.15478], [106.84407, -6.15466], [106.84454, -6.15399], [106.84472, -6.15377], [106.84481, -6.15369], [106.84497, -6.15357], [106.84509, -6.15349], [106.84526, -6.1534], [106.84545, -6.15334], [106.84567, -6.1533], [106.8465, -6.15321], [106.84659, -6.15321], [106.84668, -6.15323], [106.84686, -6.15325], [106.84838, -6.15303], [106.85215, -6.15243], [106.85285, -6.15232], [106.854234, -6.152099], [106.85535, -6.15193], [106.85554, -6.15189], [106.85568, -6.15185], [106.85623, -6.15175], [106.85651, -6.15167], [106.85665, -6.15159], [106.85677, -6.15147], [106.85778, -6.14977], [106.85827, -6.14887], [106.85832, -6.14881], [106.85836, -6.14879], [106.85814, -6.14768], [106.858, -6.14688], [106.85751, -6.14407], [106.85725, -6.1426], [106.85707, -6.14174], [106.85698, -6.14121], [106.85684, -6.14043], [106.85683, -6.14027], [106.85679, -6.1401], [106.85822, -6.13982], [106.85918, -6.13964], [106.8664, -6.13832], [106.86646, -6.1383], [106.87049, -6.13755], [106.870788, -6.13751], [106.87079, -6.13751], [106.87208, -6.13731], [106.87222, -6.13729], [106.87294, -6.13726], [106.87369, -6.13726], [106.87406, -6.13727], [106.87455, -6.13737], [106.87557, -6.13764], [106.87839, -6.13852], [106.87913, -6.13877], [106.88327, -6.14003], [106.88429, -6.14033], [106.88632, -6.14096], [106.88713, -6.14123], [106.8871, -6.14138], [106.88667, -6.1428], [106.8863, -6.14395], [106.88623, -6.14421], [106.88616, -6.14427], [106.88578, -6.14562], [106.88558, -6.14625], [106.8854, -6.1468], [106.88539, -6.14694], [106.88521, -6.14751], [106.88466, -6.1491], [106.88459, -6.14935], [106.88459, -6.14938], [106.88462, -6.14942], [106.8854, -6.14953], [106.8858, -6.14962], [106.88654, -6.14978], [106.88684, -6.14985], [106.88751, -6.15008], [106.88816, -6.15033], [106.88823, -6.15036], [106.888475, -6.150439], [106.88893, -6.14962]]}}, {"type": "Feature", "properties": {"lineId": "TJ13", "color": "#7A357B", "mode": "brt"}, "geometry": {"type": "LineString", "coordinates": [[106.709009, -6.223657], [106.709, -6.22365], [106.70922, -6.22283], [106.70931, -6.22268], [106.70991, -6.22182], [106.70924, -6.22136], [106.70935, -6.22112], [106.709428, -6.221013], [106.70943, -6.22101], [106.70953, -6.22086], [106.70973, -6.22063], [106.70981, -6.22058], [106.71025, -6.22087], [106.71033, -6.22096], [106.71039, -6.22109], [106.7104, -6.22116], [106.71039, -6.22121], [106.71036, -6.22132], [106.70976, -6.22221], [106.70948, -6.22262], [106.70928, -6.22293], [106.70905, -6.22383], [106.70897, -6.22424], [106.70895, -6.2244], [106.70896, -6.22448], [106.709, -6.22458], [106.70905, -6.22463], [106.71067, -6.22475], [106.71082, -6.22478], [106.71106, -6.22486], [106.71125, -6.22495], [106.71144, -6.2251], [106.71171, -6.22538], [106.71209, -6.22582], [106.71234, -6.22605], [106.71251, -6.22616], [106.71267, -6.22623], [106.71373, -6.22665], [106.71481, -6.22709], [106.7154, -6.2273], [106.71585, -6.22742], [106.71638, -6.22756], [106.71658, -6.2276], [106.71671, -6.22762], [106.7173, -6.22762], [106.71793, -6.22764], [106.71823, -6.22766], [106.71843, -6.22769], [106.71855, -6.22772], [106.71897, -6.22787], [106.71942, -6.22806], [106.71955, -6.22813], [106.7197, -6.22823], [106.72003, -6.22848], [106.72047, -6.22887], [106.72056, -6.22893], [106.72064, -6.22897], [106.72115, -6.22918], [106.72145, -6.22929], [106.72154, -6.22931], [106.72168, -6.22933], [106.72247, -6.22943], [106.72309, -6.22956], [106.72422, -6.22981], [106.72432, -6.22987], [106.72437, -6.22992], [106.72456, -6.23019], [106.72459, -6.23022], [106.72464, -6.23025], [106.72469, -6.23026], [106.72485, -6.23024], [106.72517, -6.23017], [106.72524, -6.23016], [106.7253, -6.23017], [106.72541, -6.23019], [106.72551, -6.23023], [106.72564, -6.23029], [106.72583, -6.23041], [106.72593, -6.23052], [106.726, -6.23061], [106.7261, -6.23079], [106.72617, -6.23095], [106.72627, -6.23123], [106.72632, -6.23131], [106.72635, -6.23134], [106.72639, -6.23135], [106.72645, -6.23135], [106.72686, -6.23127], [106.72701, -6.23127], [106.72718, -6.23129], [106.7274, -6.23136], [106.72789, -6.23149], [106.72902, -6.23179], [106.72963, -6.23193], [106.73105, -6.23228], [106.73451, -6.23298], [106.73503, -6.23312], [106.73549, -6.23326], [106.73636, -6.2335], [106.73825, -6.23394], [106.73834, -6.23397], [106.73845, -6.23401], [106.73853, -6.23406], [106.73861, -6.23411], [106.73868, -6.23417], [106.73874, -6.23427], [106.73887, -6.2346], [106.73899, -6.23482], [106.73907, -6.2349], [106.73926, -6.23503], [106.73941, -6.23509], [106.7395, -6.23512], [106.73957, -6.23514], [106.73994, -6.23517], [106.74084, -6.23528], [106.74094, -6.23529], [106.74179, -6.23547], [106.74204, -6.23558], [106.74231, -6.23577], [106.74291, -6.23617], [106.74307, -6.23627], [106.74316, -6.23631], [106.74327, -6.23634], [106.74354, -6.23637], [106.74404, -6.23642], [106.74512, -6.23645], [106.74611, -6.23629], [106.74653, -6.23629], [106.74692, -6.2363], [106.74709, -6.23632], [106.74724, -6.23633], [106.747603, -6.23637], [106.7476, -6.23637], [106.74846, -6.23648], [106.74991, -6.2365], [106.75126, -6.23656], [106.75259, -6.23664], [106.75304, -6.23664], [106.75344, -6.23662], [106.75372, -6.23656], [106.75415, -6.23642], [106.75447, -6.2363], [106.75465, -6.23624], [106.754882, -6.236109], [106.75488, -6.23611], [106.754882, -6.236109], [106.75488, -6.23611], [106.755, -6.23604], [106.75541, -6.23577], [106.75559, -6.23567], [106.75568, -6.23563], [106.75578, -6.23562], [106.7559, -6.23561], [106.75603, -6.23564], [106.75719, -6.23602], [106.75743, -6.23613], [106.75764, -6.23625], [106.75778, -6.23637], [106.75821, -6.23685], [106.75844, -6.23713], [106.75858, -6.23723], [106.75869, -6.23727], [106.75883, -6.2373], [106.76067, -6.23747], [106.76067, -6.237505], [106.76067, -6.23751], [106.76067, -6.23747], [106.76229, -6.2376], [106.76257, -6.23765], [106.76278, -6.23777], [106.76301, -6.23796], [106.76316, -6.23804], [106.76337, -6.23809], [106.76353, -6.23806], [106.76367, -6.23799], [106.76378, -6.2379], [106.76393, -6.23779], [106.76414, -6.23771], [106.76461, -6.23773], [106.76472, -6.23773], [106.76478, -6.23771], [106.76541, -6.23774], [106.765416, -6.23774], [106.76541, -6.23774], [106.765416, -6.23774], [106.76691, -6.23779], [106.76841, -6.23787], [106.7698, -6.23793], [106.77074, -6.23794], [106.77122, -6.23797], [106.771221, -6.23797], [106.77446, -6.2381], [106.77463, -6.23805], [106.7747, -6.23801], [106.77521, -6.23746], [106.77533, -6.23737], [106.77544, -6.23731], [106.77555, -6.23728], [106.77567, -6.23727], [106.77595, -6.23728], [106.77619, -6.23737], [106.7764, -6.23749], [106.77686, -6.23803], [106.777, -6.23815], [106.77709, -6.23819], [106.77733, -6.23823], [106.77753, -6.238239], [106.77817, -6.23826], [106.77831, -6.23829], [106.77921, -6.23835], [106.78022, -6.2384], [106.78042, -6.23846], [106.78065, -6.2386], [106.78079, -6.23866], [106.78089, -6.23869], [106.78179, -6.23876], [106.7825, -6.23883], [106.78314, -6.23892], [106.78378, -6.23913], [106.78423, -6.23923], [106.78493, -6.23931], [106.7851, -6.2393], [106.78548, -6.23932], [106.785482, -6.23932], [106.785819, -6.239328], [106.785974, -6.239399], [106.786181, -6.239418], [106.786431, -6.239572], [106.787049, -6.240208], [106.787363, -6.240551], [106.787577, -6.240713], [106.787786, -6.240786], [106.78896, -6.240924], [106.789278, -6.241041], [106.789505, -6.241189], [106.789868, -6.241521], [106.79004, -6.241702], [106.79041, -6.241789], [106.790754, -6.241833], [106.79076, -6.24179], [106.79097, -6.24182], [106.79127, -6.24192], [106.79149, -6.24195], [106.79166, -6.24196], [106.79182, -6.24195], [106.79194, -6.24193], [106.79234, -6.2418], [106.7926, -6.24171], [106.79274, -6.24163], [106.79282, -6.24157], [106.79292, -6.24147], [106.79299, -6.24136], [106.79304, -6.24126], [106.79321, -6.24095], [106.79345, -6.24045], [106.79352, -6.24035], [106.79371, -6.24016], [106.79385, -6.24005], [106.79395, -6.23999], [106.79411, -6.23992], [106.79425, -6.23988], [106.79443, -6.23985], [106.79457, -6.23983], [106.79495, -6.23983], [106.79751, -6.23983], [106.79807, -6.23981], [106.7984, -6.23981], [106.79846, -6.23981], [106.79983, -6.2398], [106.8014, -6.2398], [106.80253, -6.23978], [106.80431, -6.23982], [106.80518, -6.23979], [106.80541, -6.23973], [106.80568, -6.23963], [106.80624, -6.2394], [106.80664, -6.23925], [106.8069, -6.23918], [106.807038, -6.239182], [106.807773, -6.239141], [106.808131, -6.239129], [106.808259, -6.239165], [106.811049, -6.239021], [106.812158, -6.238955], [106.813663, -6.238738], [106.814026, -6.238726], [106.815403, -6.238903], [106.815537, -6.238866], [106.815843, -6.238884], [106.816186, -6.238852], [106.816499, -6.238813], [106.816608, -6.238774], [106.81672, -6.23876], [106.81717, -6.23874], [106.8173, -6.23875], [106.8175, -6.2388], [106.81767, -6.23886], [106.818, -6.23901], [106.818138, -6.239089], [106.81814, -6.23909], [106.81856, -6.23937], [106.81874, -6.23948], [106.81921, -6.23978], [106.81952, -6.23997], [106.82014, -6.24037], [106.82032, -6.24047], [106.82047, -6.24051], [106.82059, -6.24053], [106.82075, -6.24054], [106.82111, -6.2405], [106.82202, -6.24033], [106.82313, -6.24015], [106.82339, -6.24015], [106.82404, -6.24009], [106.82437, -6.24008], [106.82652, -6.2401], [106.82792, -6.2401], [106.82807, -6.24012], [106.82977, -6.24014], [106.83031, -6.24012], [106.83063, -6.24009], [106.83086, -6.24009], [106.83107, -6.24004], [106.83116, -6.24], [106.83134, -6.23991], [106.83139, -6.2399], [106.83143, -6.2399], [106.8315, -6.23993], [106.83153, -6.23995], [106.83155, -6.23999], [106.83156, -6.24003], [106.83156, -6.24008], [106.83155, -6.24011], [106.83152, -6.24013], [106.83145, -6.24015], [106.83123, -6.24021], [106.830986, -6.24024], [106.830853, -6.24025], [106.83085, -6.24025], [106.83047, -6.24026], [106.82924, -6.24024], [106.82861, -6.24023], [106.82786, -6.24021], [106.8275, -6.24016], [106.82438, -6.24013], [106.82404, -6.24015], [106.82363, -6.2402], [106.8234, -6.24026], [106.82332, -6.24027], [106.82276, -6.24035], [106.82226, -6.2404], [106.82139, -6.24055], [106.82111, -6.24062], [106.82098, -6.24064], [106.82081, -6.24066], [106.82066, -6.24066], [106.82056, -6.24065], [106.82043, -6.24062], [106.8203, -6.24058], [106.82013, -6.2405], [106.81972, -6.24023], [106.81874, -6.23961], [106.81823, -6.23928], [106.81789, -6.23907], [106.81765, -6.23895], [106.81745, -6.23888], [106.81732, -6.23885], [106.81717, -6.23884], [106.81697, -6.23884], [106.816703, -6.238827], [106.816603, -6.23888], [106.816256, -6.238953], [106.815702, -6.23898], [106.815525, -6.238958], [106.815414, -6.238925], [106.814053, -6.238752], [106.813654, -6.238763], [106.812156, -6.238976], [106.808258, -6.239191], [106.808154, -6.239237], [106.807774, -6.239249], [106.80777, -6.23925], [106.8071, -6.23929], [106.80675, -6.23934], [106.80656, -6.2394], [106.80574, -6.23972], [106.80518, -6.23991], [106.80503, -6.23993], [106.80383, -6.23994], [106.80287, -6.23994], [106.80254, -6.23995], [106.80201, -6.23994], [106.80093, -6.23997], [106.79843, -6.23996], [106.798428, -6.23996], [106.79678, -6.23995], [106.79617, -6.23996], [106.79495, -6.23994], [106.79459, -6.23995], [106.79443, -6.23996], [106.79426, -6.23999], [106.79411, -6.24004], [106.79395, -6.24012], [106.79381, -6.24024], [106.79364, -6.24042], [106.79355, -6.24054], [106.79305, -6.24151], [106.79294, -6.24166], [106.79287, -6.24172], [106.79282, -6.24175], [106.79273, -6.24179], [106.79253, -6.24184], [106.79229, -6.24193], [106.7918, -6.24204], [106.79166, -6.24204], [106.790756, -6.241999], [106.79036, -6.24194], [106.79009, -6.24184], [106.78986, -6.24166], [106.78947, -6.24124], [106.78937, -6.24117], [106.78915, -6.24105], [106.78895, -6.24099], [106.78861, -6.24093], [106.78781, -6.24084], [106.78766, -6.24081], [106.78752, -6.24076], [106.78734, -6.24063], [106.78654, -6.23978], [106.78631, -6.23957], [106.78625, -6.23955], [106.7861, -6.23952], [106.785525, -6.2395], [106.78552, -6.2395], [106.78492, -6.23946], [106.78408, -6.2393], [106.78312, -6.23899], [106.7829, -6.23894], [106.7809, -6.23874], [106.78071, -6.23869], [106.7804, -6.23851], [106.7803, -6.23847], [106.78015, -6.23845], [106.77809, -6.23837], [106.777524, -6.23836], [106.77752, -6.23836], [106.7774, -6.23836], [106.77711, -6.2383], [106.77701, -6.23825], [106.77683, -6.23812], [106.77629, -6.23752], [106.77619, -6.23746], [106.77599, -6.23738], [106.77588, -6.23736], [106.77569, -6.23735], [106.77551, -6.23738], [106.77542, -6.23742], [106.77533, -6.23747], [106.77473, -6.23809], [106.77463, -6.23815], [106.77449, -6.23819], [106.771214, -6.23811], [106.77121, -6.23811], [106.7698, -6.23806], [106.76779, -6.23796], [106.76541, -6.23786], [106.76478, -6.23783], [106.76434, -6.23782], [106.7641, -6.23783], [106.76401, -6.23786], [106.76372, -6.23805], [106.76354, -6.23815], [106.76329, -6.23817], [106.76312, -6.23812], [106.76295, -6.23802], [106.76264, -6.23777], [106.76245, -6.2377], [106.760656, -6.23758], [106.76065, -6.23758], [106.7596, -6.2375], [106.758928, -6.237431], [106.758714, -6.237373], [106.758503, -6.237277], [106.758299, -6.237117], [106.757767, -6.23648], [106.757486, -6.236242], [106.757079, -6.236057], [106.756317, -6.235832], [106.75599, -6.23575], [106.75581, -6.23574], [106.75573, -6.23575], [106.75558, -6.23582], [106.754959, -6.236224], [106.75495, -6.23623], [106.7547, -6.23636], [106.75413, -6.23656], [106.75362, -6.23669], [106.75324, -6.23676], [106.75294, -6.23678], [106.7526, -6.23677], [106.75055, -6.23664], [106.74941, -6.23659], [106.74814, -6.23656], [106.747583, -6.23648], [106.74758, -6.23648], [106.74723, -6.23643], [106.74708, -6.23641], [106.74696, -6.23638], [106.7468, -6.23636], [106.74642, -6.23634], [106.74613, -6.23635], [106.74517, -6.2365], [106.74512, -6.2365], [106.74471, -6.2365], [106.74398, -6.23648], [106.74354, -6.23644], [106.74326, -6.23641], [106.7431, -6.23636], [106.7424, -6.23591], [106.742, -6.23564], [106.74187, -6.23557], [106.74176, -6.23553], [106.74092, -6.23536], [106.74033, -6.2353], [106.73993, -6.23525], [106.73958, -6.23518], [106.73939, -6.23513], [106.73917, -6.23502], [106.73907, -6.23496], [106.73896, -6.23485], [106.73888, -6.23477], [106.7387, -6.23434], [106.73865, -6.23425], [106.73856, -6.23415], [106.73849, -6.23411], [106.7384, -6.23407], [106.73824, -6.23401], [106.73639, -6.2336], [106.73563, -6.2334], [106.7345, -6.23307], [106.73325, -6.23282], [106.73222, -6.23261], [106.73094, -6.23233], [106.73032, -6.23218], [106.7295, -6.23199], [106.72908, -6.23189], [106.72843, -6.23172], [106.72714, -6.23136], [106.72694, -6.23134], [106.72685, -6.23134], [106.72673, -6.23136], [106.72614, -6.23151], [106.72586, -6.23155], [106.72574, -6.23155], [106.72548, -6.23153], [106.72529, -6.2315], [106.72522, -6.23149], [106.72512, -6.23145], [106.72501, -6.23138], [106.72491, -6.23129], [106.72487, -6.23123], [106.72483, -6.23117], [106.72456, -6.23042], [106.72455, -6.2304], [106.72452, -6.23039], [106.72445, -6.23039], [106.72425, -6.23045], [106.72397, -6.23056], [106.72388, -6.23058], [106.72375, -6.2306], [106.72361, -6.2306], [106.72353, -6.23058], [106.72348, -6.23056], [106.7234, -6.2305], [106.72337, -6.23044], [106.72335, -6.23034], [106.72336, -6.23005], [106.72337, -6.22999], [106.7234, -6.22993], [106.72351, -6.2298], [106.72352, -6.22978], [106.72351, -6.22974], [106.72348, -6.22972], [106.72306, -6.22963], [106.72232, -6.2295], [106.7215, -6.22939], [106.72111, -6.22925], [106.72058, -6.22901], [106.72045, -6.22895], [106.72001, -6.22859], [106.71982, -6.22846], [106.71953, -6.22822], [106.7193, -6.22809], [106.71922, -6.22805], [106.71895, -6.22795], [106.71847, -6.22778], [106.71835, -6.22776], [106.71804, -6.22773], [106.71671, -6.22769], [106.71655, -6.22768], [106.71603, -6.22755], [106.71564, -6.22744], [106.71479, -6.22716], [106.71465, -6.2271], [106.71317, -6.22652], [106.71267, -6.22631], [106.71242, -6.22619], [106.7123, -6.2261], [106.7121, -6.22591], [106.71132, -6.2251], [106.71126, -6.22505], [106.71104, -6.22494], [106.71081, -6.22486], [106.71065, -6.22483], [106.71027, -6.22479], [106.70912, -6.2247], [106.70899, -6.2247], [106.70886, -6.22472], [106.70882, -6.22448], [106.70887, -6.2242], [106.709, -6.22363]]}}, {"type": "Feature", "properties": {"lineId": "TJ14", "color": "#F5AB6E", "mode": "brt"}, "geometry": {"type": "LineString", "coordinates": [[106.85588, -6.12673], [106.85587, -6.12673], [106.85593, -6.12671], [106.856251, -6.126738], [106.856293, -6.126819], [106.85586, -6.12696], [106.85556, -6.12707], [106.85527, -6.12727], [106.85519, -6.12735], [106.85511, -6.12748], [106.85501, -6.12779], [106.85498, -6.12797], [106.85498, -6.12837], [106.85501, -6.12945], [106.85505, -6.12982], [106.85526, -6.13096], [106.85586, -6.13433], [106.85602, -6.13518], [106.85617, -6.13619], [106.85709, -6.141198], [106.85709, -6.1412], [106.858129, -6.146854], [106.85813, -6.14686], [106.85836, -6.14829], [106.85846, -6.14878], [106.85849, -6.14887], [106.85842, -6.1489], [106.85837, -6.14895], [106.85827, -6.14916], [106.85764, -6.15022], [106.85673, -6.15167], [106.85658, -6.15185], [106.85643, -6.15198], [106.85626, -6.15207], [106.85522, -6.15218], [106.85473, -6.15217], [106.854252, -6.15224], [106.85425, -6.15224], [106.85262, -6.15251], [106.85233, -6.15264], [106.85097, -6.15286], [106.85075, -6.15292], [106.85071, -6.15299], [106.85067, -6.15316], [106.85073, -6.15358], [106.85077, -6.15373], [106.85096, -6.15485], [106.85088, -6.15512], [106.85093, -6.15548], [106.85101, -6.15575], [106.85109, -6.15594], [106.85111, -6.15615], [106.85121, -6.1568], [106.85142, -6.1578], [106.851599, -6.158866], [106.8516, -6.15887], [106.85178, -6.15986], [106.85185, -6.15996], [106.85186, -6.16], [106.85186, -6.16005], [106.85181, -6.16012], [106.85202, -6.16104], [106.85235, -6.16285], [106.85243, -6.16302], [106.85254, -6.16317], [106.85324, -6.16365], [106.85321, -6.16373], [106.85272, -6.16453], [106.85267, -6.16464], [106.85264, -6.16477], [106.85257, -6.16635], [106.85249, -6.16711], [106.85245, -6.16858], [106.85237, -6.16998], [106.85235, -6.171372], [106.85235, -6.17138], [106.85233, -6.17196], [106.85219, -6.17414], [106.85218, -6.17474], [106.85125, -6.1748], [106.85029, -6.17483], [106.84868, -6.17493], [106.84824, -6.17499], [106.84743, -6.17505], [106.84722, -6.17502], [106.847, -6.17501], [106.84572, -6.1751], [106.84556, -6.17513], [106.84534, -6.17522], [106.84522, -6.1753], [106.84515, -6.17537], [106.84415, -6.17672], [106.84394, -6.17705], [106.84385, -6.17719], [106.84359, -6.17751], [106.84343, -6.17765], [106.8426, -6.17827], [106.84259, -6.17827], [106.842454, -6.17838], [106.842315, -6.178444], [106.842154, -6.178444], [106.841998, -6.178353], [106.84182, -6.17814], [106.841815, -6.178134], [106.84168, -6.17798], [106.84075, -6.17689], [106.840197, -6.176279], [106.8402, -6.17628], [106.84007, -6.17614], [106.83951, -6.17547], [106.8391, -6.17504], [106.83868, -6.17456], [106.8384, -6.17419], [106.83829, -6.17403], [106.8382, -6.17388], [106.83809, -6.17379], [106.83762, -6.17263], [106.83758, -6.17254], [106.83729, -6.17186], [106.83711, -6.1714], [106.83699, -6.17105], [106.83797, -6.17062], [106.83837, -6.17043], [106.83894, -6.17015], [106.83914, -6.17003], [106.83949, -6.16986], [106.83965, -6.16979], [106.83985, -6.16972], [106.83992, -6.16971], [106.84002, -6.1697], [106.8401, -6.16972], [106.84016, -6.16996], [106.84035, -6.17068], [106.84064, -6.17186], [106.84089, -6.17285], [106.84111, -6.17368], [106.84123, -6.17418], [106.84145, -6.17498], [106.84158, -6.17554], [106.84168, -6.17575], [106.84171, -6.17586], [106.84183, -6.17645], [106.842068, -6.177708], [106.842186, -6.178134], [106.84242, -6.178172], [106.84248, -6.17811], [106.84267, -6.17795], [106.842786, -6.177875], [106.8433, -6.177555], [106.843772, -6.177047], [106.844457, -6.176194], [106.845188, -6.175187], [106.84539, -6.175031], [106.8455, -6.17499], [106.84568, -6.17496], [106.84713, -6.17487], [106.84758, -6.17486], [106.849, -6.17474], [106.85188, -6.17452], [106.85188, -6.17433], [106.85188, -6.174325], [106.85188, -6.17433], [106.85197, -6.17248], [106.85205, -6.17137], [106.85205, -6.171361], [106.85238, -6.16465], [106.85262, -6.16409], [106.85291, -6.16358], [106.85291, -6.16354], [106.85287, -6.1635], [106.85242, -6.16318], [106.85217, -6.16295], [106.85214, -6.16265], [106.8517, -6.16033], [106.85166, -6.16024], [106.85157, -6.16005], [106.8516, -6.15982], [106.85157, -6.15958], [106.85144, -6.158898], [106.85144, -6.1589], [106.85096, -6.15639], [106.85094, -6.1563], [106.85088, -6.15618], [106.85077, -6.15601], [106.85076, -6.15591], [106.85076, -6.15586], [106.8508, -6.15566], [106.85079, -6.15552], [106.8507, -6.15495], [106.85049, -6.15377], [106.8498, -6.14989], [106.8496, -6.149], [106.84952, -6.1488], [106.84951, -6.14876], [106.84951, -6.14843], [106.84927, -6.14715], [106.84914, -6.14631], [106.84906, -6.14594], [106.849, -6.14588], [106.84899, -6.14584], [106.84896, -6.1458], [106.84891, -6.14564], [106.84887, -6.14557], [106.84879, -6.14516], [106.84868, -6.14504], [106.84863, -6.14497], [106.84861, -6.14489], [106.84859, -6.14482], [106.8485, -6.14426], [106.84853, -6.1442], [106.84861, -6.14414], [106.84853, -6.14364], [106.84824, -6.14216], [106.84819, -6.14202], [106.84812, -6.14192], [106.84788, -6.14189], [106.84782, -6.14189], [106.84605, -6.14217], [106.84584, -6.14222], [106.84543, -6.14239], [106.84539, -6.14243], [106.84535, -6.14244], [106.84441, -6.1441], [106.84402, -6.14485], [106.84398, -6.14487], [106.84367, -6.14544], [106.84357, -6.14557], [106.84328, -6.14588], [106.84309, -6.14607], [106.84296, -6.14618], [106.84277, -6.14632], [106.84241, -6.14653], [106.84213, -6.14666], [106.84157, -6.14685], [106.83935, -6.14752], [106.83897, -6.14763], [106.83868, -6.14774], [106.83836, -6.14783], [106.83824, -6.14788], [106.83826, -6.14796], [106.83827, -6.14803], [106.83827, -6.148032], [106.83829, -6.14814], [106.83828, -6.14833], [106.83834, -6.14846], [106.83891, -6.14888], [106.83979, -6.14951], [106.84038, -6.14998], [106.84107, -6.15046], [106.84122, -6.15057], [106.8413, -6.15059], [106.84135, -6.15061], [106.84163, -6.15083], [106.84244, -6.15138], [106.84274, -6.15157], [106.84323, -6.15193], [106.84344, -6.15207], [106.84423, -6.15262], [106.84495, -6.1531], [106.84507, -6.15317], [106.8452, -6.1532], [106.84534, -6.15322], [106.84564, -6.15322], [106.84648, -6.15312], [106.84666, -6.15313], [106.84668, -6.15323], [106.84686, -6.15325], [106.84838, -6.15303], [106.85215, -6.15243], [106.85285, -6.15232], [106.854227, -6.1521], [106.85423, -6.1521], [106.85535, -6.15193], [106.85568, -6.15185], [106.85623, -6.15175], [106.85651, -6.15167], [106.85665, -6.15159], [106.85677, -6.15147], [106.85778, -6.14977], [106.85827, -6.14887], [106.85832, -6.14881], [106.85836, -6.14879], [106.85814, -6.14768], [106.857999, -6.146877], [106.858, -6.14688], [106.85749, -6.14407], [106.85696, -6.14121], [106.85696, -6.141208], [106.8566, -6.13937], [106.85626, -6.13719], [106.85566, -6.13406], [106.85529, -6.13186], [106.85512, -6.13099], [106.85491, -6.12986], [106.85487, -6.12922], [106.85486, -6.12846], [106.85487, -6.12789], [106.85481, -6.1275], [106.85483, -6.12735], [106.85489, -6.12724], [106.85495, -6.12717], [106.85506, -6.12711], [106.855082, -6.12711], [106.855268, -6.12692], [106.855859, -6.126736]]}}]}